PMVL[Source Name],PMVL[Holding date],PMVL[GROUPE],PMVL[ENTITE],PMVL[Selected Fund code],PMVL[ISIN],PMVL[Orig. name],PMVL[Quote],PMVL[Quote Date],PMVL[Quote Mode],PMVL[Quantity],PMVL[Inst. Nominal],PMVL[PRMP MtM],PMVL[RefUnik Position],PMVL[Ref Unik Asset],PMVL[Ref Unik Codes],PMVL[CIC],PMVL[Inst Num],PMVL[Ref Unik Codes Completed],PMVL[PRMP VNC],PMVL[PRMP PMVL],PMVL[Parametres_Indices.TICKER],PMVL[PFMIndice.Perf J / J-1],PMVL[MtM Estimé],PMVL[PMVL Estimé],PMVL[CANTON],PMVL[3A],PMVL[PRATIC_PMVLEstimée],PMVL[PMVL Estimée + PRATIC],PMVL[MtM Estimée + PRATIC],PMVL[PFMIndice.Date J],PMVL[Ref Unik Light],PMVL[Ptf name],PMVL[Purch. Val. (clean) (ptf cur.)],PMVL[VNC Agrege dirty (ptf cur.)]
EXPORT_PRMP_ADP,2026-01-29T00:00:00,Groupe MH,MHRS,MRS2C,FR0007074166,LBPAM ACTIONS VALUE EURO,3465.31,2026-01-27T00:00:00,P,4278,1,14824596.18,PP,FC_Act_EUR,PP_FAC_Act_EUR_LC,FR41,5873493,PP_FAC_Act_EUR_LC,14824596.18,0,M7EM,-0.0079417429619271,14706863.047624074,-117733.13237592578,MHRS AG,Hors mandat MHRS AG,0,-117733.13237592578,14706863.047624074,2026-01-28T00:00:00,PP_FAC_Act,MHRS HM ACTIFS COTE,,
EXPORT_PRMP_ADP,2026-01-29T00:00:00,Groupe MH,AUXIA,AUX2E,FR0007045950,FEDERIS ISR EURO M,2470.89,2026-01-27T00:00:00,P,24261,1,59946262.29,PP,FC_Act_EUR,PP_FAC_Act_EUR_LC,FR41,5873492,PP_FAC_Act_EUR_LC,59946262.29,0,M7EM,-0.0079417429619271,59470184.48336456,-476077.8066354394,AUXIA AG,Hors mandat AUXIA AG,0,-476077.8066354394,59470184.48336456,2026-01-28T00:00:00,PP_FAC_Act,AUXIA HM ACT COTE,,
EXPORT_PRMP_ADP,2026-01-29T00:00:00,Groupe MH,AUXIA,AUX2E,FR0011441583,LBPAM ISR Opti Euro Equity MH,2532.75,2026-01-27T00:00:00,P,7888,1,19978332,PP,FC_Act_EUR,PP_FAC_Act_EUR_LC,FR41,5873494,PP_FAC_Act_EUR_LC,19978332,0,M7EM,-0.0079417429619271,19819669.222447958,-158662.77755204216,AUXIA AG,Hors mandat AUXIA AG,0,-158662.77755204216,19819669.222447958,2026-01-28T00:00:00,PP_FAC_Act,AUXIA HM ACT COTE,,
EXPORT_PRMP_ADP,2026-01-29T00:00:00,Groupe MH,AUXIA,AUX2E,FR0007021936,FEDERIS ISR FRANCE MH,468.76,2026-01-27T00:00:00,P,60537,1,28377324.119999997,PP,FC_Act_EUR,PP_FAC_Act_EUR_LC,FR41,5873258,PP_FAC_Act_EUR_LC,28377324.119999997,0,M7EM,-0.0079417429619271,28151958.705891665,-225365.41410833225,AUXIA AG,Hors mandat AUXIA AG,0,-225365.41410833225,28151958.705891665,2026-01-28T00:00:00,PP_FAC_Act,AUXIA HM ACT COTE,,
EXPORT_PRMP_ADP,2026-01-29T00:00:00,Groupe MH,AUXIA,AUX2E,FR0007022967,LBPAM ACTIONS CROISSANCE EURO M,6737.46,2026-01-27T00:00:00,P,840,1,5659466.4,PP,FC_Act_EUR,PP_FAC_Act_EUR_LC,FR41,5873491,PP_FAC_Act_EUR_LC,5659466.4,0,M7EM,-0.0079417429619271,5614520.372549538,-44946.0274504628,AUXIA AG,Hors mandat AUXIA AG,0,-44946.0274504628,5614520.372549538,2026-01-28T00:00:00,PP_FAC_Act,AUXIA HM ACT COTE,,
EXPORT_PRMP_ADP,2026-01-29T00:00:00,Groupe MH,AUXIA,AUX2E,FR0000986531,SELECTION VALEURS MOYENNES,999.64,2026-01-27T00:00:00,P,22218,1,22210001.52,PP,FC_Act_EUR,PP_FAC_Act_EUR_SMC,FR41,5873302,PP_FAC_Act_EUR_SMC,22210001.52,0,M7EM,-0.0079417429619271,22033615.39674415,-176386.12325584888,AUXIA AG,Hors mandat AUXIA AG,0,-176386.12325584888,22033615.39674415,2026-01-28T00:00:00,PP_FAC_Act,AUXIA HM ACT COTE,,
EXPORT_PRMP_ADP,2026-01-29T00:00:00,Groupe MH,AUXIA,AUX2E,FR0007057674,FEDERIS ISR ACTIONS US MM,4369.49,2026-01-27T00:00:00,P,8994,1,39299193.06,PP,FC_Act_US,PP_FAC_Act_US_LC,FR41,5876542,PP_FAC_Act_US_LC,39299193.06,0,,0,39299193.06,0,AUXIA AG,Hors mandat AUXIA AG,0,0,39299193.06,,PP_FAC_Act,AUXIA HM ACT COTE,,
EXPORT_PRMP_ADP,2026-01-29T00:00:00,Groupe MH,AUXIA,AUX2E,FR001400CCX3,GEMEQUITY PART MH,147.17,2026-01-27T00:00:00,P,10886,1,1602092.62,PP,FC_Act_Emerg,PP_FAC_Act_Eme,XL41,9588501,PP_FAC_Act_Eme,1602092.62,0,MSDEEEMN,0.0189400004574879,1632436.2549557383,30343.634955738205,AUXIA AG,Hors mandat AUXIA AG,0,30343.634955738205,1632436.2549557383,2026-01-28T00:00:00,PP_FAC_Act,AUXIA HM ACT COTE,,
EXPORT_PRMP_ADP,2026-01-29T00:00:00,Groupe MH,AUXIA,AUX2E,LU2541301847,EdRF EM Climate Bonds S EUR H,108.39,2026-01-27T00:00:00,P,35239,1,3819555.21,PP,FC_Taux_Emerg,PP_FAC_Taux_Eme,LU42,11008396,PP_FAC_Taux_Eme,3819555.21,0,,0,3819555.21,0,AUXIA AG,Hors mandat AUXIA AG,0,0,3819555.21,,PP_FAC_Taux,AUXIA HM ACT COTE,,
EXPORT_PRMP_ADP,2026-01-29T00:00:00,Groupe MH,AUXIA,AUX2E,FR0007040365,MH EDRAM HYBRIDES CORPORATE,33805.25,2026-01-27T00:00:00,P,186,1,6287776.5,PP,FC_Taux_HY,PP_FAC_Taux_Corp_HY,XL42,1334621,PP_FAC_Taux_Corp_HY,6287776.5,0,HE00,-0.000194580552558224,6286553.020974267,-1223.4790257327259,AUXIA AG,Hors mandat AUXIA AG,0,-1223.4790257327259,6286553.020974267,2026-01-28T00:00:00,PP_FAC_Taux,AUXIA HM ACT COTE,,
EXPORT_PRMP_ADP,2026-01-29T00:00:00,Groupe MH,AUXIA ASSISTANCE,AAS2E,FR0011758044,LBPAM PRO ALTO M,1135.85,2026-01-27T00:00:00,P,1153,1,1309635.05,PP,FC_Div,PP_FAC_Taux_Corp_IG,FR42,5873495,PP_FAC_Taux_Corp_IG,1309635.05,0,,0,1309635.05,0,AUXIA ASS,Hors mandat AUXIA ASSISTANCE,0,0,1309635.05,,PP_FAC_Taux,AUXIA ASS HM ACT COTE,,
EXPORT_PRMP_ADP,2026-01-29T00:00:00,Groupe MH,AUXIA ASSISTANCE,AAS2E,FR0000986531,SELECTION VALEURS MOYENNES,999.64,2026-01-27T00:00:00,P,737,1,736734.68,PP,FC_Act_EUR,PP_FAC_Act_EUR_SMC,FR41,5873302,PP_FAC_Act_EUR_SMC,736734.68,0,M7EM,-0.0079417429619271,730883.7225403024,-5850.957459697616,AUXIA ASS,Hors mandat AUXIA ASSISTANCE,0,-5850.957459697616,730883.7225403024,2026-01-28T00:00:00,PP_FAC_Act,AUXIA ASS HM ACT COTE,,
EXPORT_PRMP_ADP,2026-01-29T00:00:00,Groupe MH,AUXIA ASSISTANCE,AAS2E,FR0007022967,LBPAM ACTIONS CROISSANCE EURO M,6737.46,2026-01-27T00:00:00,P,80,1,538996.8,PP,FC_Act_EUR,PP_FAC_Act_EUR_LC,FR41,5873491,PP_FAC_Act_EUR_LC,538996.8,0,M7EM,-0.0079417429619271,534716.2259570989,-4280.574042901164,AUXIA ASS,Hors mandat AUXIA ASSISTANCE,0,-4280.574042901164,534716.2259570989,2026-01-28T00:00:00,PP_FAC_Act,AUXIA ASS HM ACT COTE,,
EXPORT_PRMP_ADP,2026-01-29T00:00:00,Groupe MH,AUXIA ASSISTANCE,AAS2E,FR0007475975,MH Lazard action euro LC,522,2026-01-27T00:00:00,P,4450.778,1,2323306.12,PP,FC_Act_EUR,PP_FAC_Act_EUR_LC,FR41,8009926,PP_FAC_Act_EUR_LC,2323306.12,0,M7EM,-0.0079417429619271,2304855.019973088,-18451.100026912056,AUXIA ASS,Hors mandat AUXIA ASSISTANCE,0,-18451.100026912056,2304855.019973088,2026-01-28T00:00:00,PP_FAC_Act,AUXIA ASS HM ACT COTE,,
EXPORT_PRMP_ADP,2026-01-29T00:00:00,Groupe MH,AUXIA ASSISTANCE,AAS2E,FR0007074166,LBPAM ACTIONS VALUE EURO,3465.31,2026-01-27T00:00:00,P,360,1,1247511.6,PP,FC_Act_EUR,PP_FAC_Act_EUR_LC,FR41,5873493,PP_FAC_Act_EUR_LC,1247511.6,0,M7EM,-0.0079417429619271,1237604.1835307777,-9907.4164692224,AUXIA ASS,Hors mandat AUXIA ASSISTANCE,0,-9907.4164692224,1237604.1835307777,2026-01-28T00:00:00,PP_FAC_Act,AUXIA ASS HM ACT COTE,,
EXPORT_PRMP_ADP,2026-01-29T00:00:00,Groupe MH,AUXIA ASSISTANCE,AAS2E,FR0007078480,LBPAM ACTIONS EURO LARGE CAP M,4133.97,2026-01-27T00:00:00,P,459,1,1897492.23,PP,FC_Act_EUR,PP_FAC_Act_EUR_LC,FR41,4597012,PP_FAC_Act_EUR_LC,1897492.23,0,M7EM,-0.0079417429619271,1882422.8344370862,-15069.395562913734,AUXIA ASS,Hors mandat AUXIA ASSISTANCE,0,-15069.395562913734,1882422.8344370862,2026-01-28T00:00:00,PP_FAC_Act,AUXIA ASS HM ACT COTE,,
EXPORT_PRMP_ADP,2026-01-29T00:00:00,Groupe MH,AUXIA ASSISTANCE,AAS2E,FR0007057674,FEDERIS ISR ACTIONS US MM,4369.49,2026-01-27T00:00:00,P,253,1,1105480.97,PP,FC_Act_US,PP_FAC_Act_US_LC,FR41,5876542,PP_FAC_Act_US_LC,1105480.97,0,,0,1105480.97,0,AUXIA ASS,Hors mandat AUXIA ASSISTANCE,0,0,1105480.97,,PP_FAC_Act,AUXIA ASS HM ACT COTE,,
EXPORT_PRMP_ADP,2026-01-29T00:00:00,Groupe MH,AUXIA ASSISTANCE,AAS2E,FR0007040365,MH EDRAM HYBRIDES CORPORATE,33805.25,2026-01-27T00:00:00,P,10,1,338052.5,PP,FC_Taux_HY,PP_FAC_Taux_Corp_HY,XL42,1334621,PP_FAC_Taux_Corp_HY,338052.5,0,HE00,-0.000194580552558224,337986.7215577563,-65.77844224369619,AUXIA ASS,Hors mandat AUXIA ASSISTANCE,0,-65.77844224369619,337986.7215577563,2026-01-28T00:00:00,PP_FAC_Taux,AUXIA ASS HM ACT COTE,,
EXPORT_PRMP_ADP,2026-01-29T00:00:00,Groupe MH,AUXIA ASSISTANCE,AAS2E,FR0007022793,LBPAM ACTIONS EX-EURO-M,5323.72,2026-01-27T00:00:00,P,46,1,244891.12,PP,FC_Act_exEUR,PP_FAC_Act_ExEUR,FR41,5873215,PP_FAC_Act_ExEUR,244891.12,0,,0,244891.12,0,AUXIA ASS,Hors mandat AUXIA ASSISTANCE,0,0,244891.12,,PP_FAC_Act,AUXIA ASS HM ACT COTE,,
EXPORT_PRMP_ADP,2026-01-29T00:00:00,Groupe MH,AUXIA ASSISTANCE,AAS2E,FR0007079330,LBPAM SELECTION ACTIONS ASIE,5407.02,2026-01-27T00:00:00,P,21,1,113547.42,PP,FC_Act_AsPac,PP_FAC_Act_Asie,FR41,4622700,PP_FAC_Act_Asie,113547.42,0,MSDEPN,-0.00291159223150804,113216.81621402022,-330.6037859797798,AUXIA ASS,Hors mandat AUXIA ASSISTANCE,0,-330.6037859797798,113216.81621402022,2026-01-28T00:00:00,PP_FAC_Act,AUXIA ASS HM ACT COTE,,
EXPORT_PRMP_ADP,2026-01-29T00:00:00,Groupe MH,CAPREVAL,CAP2B,FR0007045950,FEDERIS ISR EURO M,2470.89,2026-01-27T00:00:00,P,810,1,2001420.9,PP,FC_Act_EUR,PP_FAC_Act_EUR_LC,FR41,5873492,PP_FAC_Act_EUR_LC,2001420.9,0,M7EM,-0.0079417429619271,1985526.1296535712,-15894.770346428733,CAPREVAL AG,batch,0,-15894.770346428733,1985526.1296535712,2026-01-28T00:00:00,PP_FAC_Act,CAPREVAL HM ACT COTE,,
EXPORT_PRMP_ADP,2026-01-29T00:00:00,Groupe MH,CAPREVAL,CAP2B,LU2541301847,EdRF EM Climate Bonds S EUR H,108.39,2026-01-27T00:00:00,P,1825,1,197811.75,PP,FC_Taux_Emerg,PP_FAC_Taux_Eme,LU42,11008396,PP_FAC_Taux_Eme,197811.75,0,,0,197811.75,0,CAPREVAL AG,batch,0,0,197811.75,,PP_FAC_Taux,CAPREVAL HM ACT COTE,,
EXPORT_PRMP_ADP,2026-01-29T00:00:00,Groupe MH,CAPREVAL,CAP2B,FR001400GS55,LBPAM ISR CONVS MONDE-MH,12661.01,2026-01-27T00:00:00,P,397,1,5026420.97,PP,FC_Conv_Monde,PP_FAC_Conv_Global,FR42,10056894,PP_FAC_Conv_Global,5026420.97,0,UCBIFX13,0.0107711057676473,5080561.08190059,54140.11190059036,CAPREVAL AG,batch,0,54140.11190059036,5080561.08190059,2026-01-27T00:00:00,PP_FAC_Conv,CAPREVAL HM ACT COTE,,
EXPORT_PRMP_ADP,2026-01-29T00:00:00,Groupe MH,CAPREVAL,CAP2B,FR0007079330,LBPAM SELECTION ACTIONS ASIE,5407.02,2026-01-27T00:00:00,P,18,1,97326.36,PP,FC_Act_AsPac,PP_FAC_Act_Asie,FR41,4622700,PP_FAC_Act_Asie,97326.36,0,MSDEPN,-0.00291159223150804,97042.98532630304,-283.3746736969624,CAPREVAL AG,batch,0,-283.3746736969624,97042.98532630304,2026-01-28T00:00:00,PP_FAC_Act,CAPREVAL HM ACT COTE,,
EXPORT_PRMP_ADP,2026-01-29T00:00:00,Groupe MH,CAPREVAL,CAP2B,FR0007057674,FEDERIS ISR ACTIONS US MM,4369.49,2026-01-27T00:00:00,P,71,1,310233.79,PP,FC_Act_US,PP_FAC_Act_US_LC,FR41,5876542,PP_FAC_Act_US_LC,310233.79,0,,0,310233.79,0,CAPREVAL AG,batch,0,0,310233.79,,PP_FAC_Act,CAPREVAL HM ACT COTE,,
EXPORT_PRMP_ADP,2026-01-29T00:00:00,Groupe MH,CAPREVAL,CAP2B,FR0000986531,SELECTION VALEURS MOYENNES,999.64,2026-01-27T00:00:00,P,1046,1,1045623.44,PP,FC_Act_EUR,PP_FAC_Act_EUR_SMC,FR41,5873302,PP_FAC_Act_EUR_SMC,1045623.44,0,M7EM,-0.0079417429619271,1037319.3674045539,-8304.072595446021,CAPREVAL AG,batch,0,-8304.072595446021,1037319.3674045539,2026-01-28T00:00:00,PP_FAC_Act,CAPREVAL HM ACT COTE,,
EXPORT_PRMP_ADP,2026-01-29T00:00:00,Groupe MH,CAPREVAL,CAP2B,FR0007040365,MH EDRAM HYBRIDES CORPORATE,33805.25,2026-01-27T00:00:00,P,68,1,2298757,PP,FC_Taux_HY,PP_FAC_Taux_Corp_HY,XL42,1334621,PP_FAC_Taux_Corp_HY,2298757,0,HE00,-0.000194580552558224,2298309.706592743,-447.29340725718066,CAPREVAL AG,batch,0,-447.29340725718066,2298309.706592743,2026-01-28T00:00:00,PP_FAC_Taux,CAPREVAL HM ACT COTE,,
EXPORT_PRMP_ADP,2026-01-29T00:00:00,Groupe MH,CAPREVAL,CAP2B,FR0011441583,LBPAM ISR Opti Euro Equity MH,2532.75,2026-01-27T00:00:00,P,206,1,521746.5,PP,FC_Act_EUR,PP_FAC_Act_EUR_LC,FR41,5873494,PP_FAC_Act_EUR_LC,521746.5,0,M7EM,-0.0079417429619271,517602.9234057149,-4143.576594285085,CAPREVAL AG,batch,0,-4143.576594285085,517602.9234057149,2026-01-28T00:00:00,PP_FAC_Act,CAPREVAL HM ACT COTE,,
EXPORT_PRMP_ADP,2026-01-29T00:00:00,Groupe MH,CAPREVAL,CAP2B,FR0007078480,LBPAM ACTIONS EURO LARGE CAP M,4133.97,2026-01-27T00:00:00,P,592,1,2447310.24,PP,FC_Act_EUR,PP_FAC_Act_EUR_LC,FR41,4597012,PP_FAC_Act_EUR_LC,2447310.24,0,M7EM,-0.0079417429619271,2427874.331125828,-19435.90887417225,CAPREVAL AG,batch,0,-19435.90887417225,2427874.331125828,2026-01-28T00:00:00,PP_FAC_Act,CAPREVAL HM ACT COTE,,
EXPORT_PRMP_ADP,2026-01-29T00:00:00,Groupe MH,CAPREVAL,CAP2B,LU0593537219,OSTRUM EURO HIGH INCOME FD IDE,97.22,2026-01-27T00:00:00,P,6352,1,617541.44,PP,FC_Taux_HY,PP_FAC_Taux_Corp_HY,LU42,7240285,PP_FAC_Taux_Corp_HY,617541.44,0,HE00,-0.000194580552558224,617421.2784453771,-120.16155462281313,CAPREVAL AG,batch,0,-120.16155462281313,617421.2784453771,2026-01-28T00:00:00,PP_FAC_Taux,CAPREVAL HM ACT COTE,,
EXPORT_PRMP_ADP,2026-01-29T00:00:00,Groupe MH,CAPREVAL,CAP2B,LU0144746509,CANDRIAM BONDS EURO HIGH YIELD-IC,1607.27,2026-01-27T00:00:00,P,458,1,736129.66,PP,FC_Taux_HY,PP_FAC_Taux_Corp_HY,LU42,4932779,PP_FAC_Taux_Corp_HY,736129.66,0,HE00,-0.000194580552558224,735986.4234840027,-143.23651599732693,CAPREVAL AG,batch,0,-143.23651599732693,735986.4234840027,2026-01-28T00:00:00,PP_FAC_Taux,CAPREVAL HM ACT COTE,,
EXPORT_PRMP_ADP,2026-01-29T00:00:00,Groupe MH,CAPREVAL,CAP2B,FR0007012182,LBPAM ISR Actions Euromonde MH,9830.83,2026-01-27T00:00:00,P,305,1,2998403.15,PP,FC_Act_Mixte,PP_FAC_Act_Global,FR41,5873490,PP_FAC_Act_Global,2998403.15,0,,0,2998403.15,0,CAPREVAL AG,batch,0,0,2998403.15,,PP_FAC_Act,CAPREVAL HM ACT COTE,,
EXPORT_PRMP_ADP,2026-01-29T00:00:00,Groupe MH,CMAV,CMA2C,FR0011034560,EDR FINANCIAL BDS S,1498.63,2026-01-27T00:00:00,P,3582,1,5368092.66,PP,FC_Taux_Autre,PP_FAC_Taux_Corp_HY,FR42,4879142,PP_FAC_Taux_Corp_HY,5368092.66,0,LECPTREU,0.000630639262365374,5371477.989995412,3385.329995411448,CMAV AG,Hors mandat CMAV AG,0,3385.329995411448,5371477.989995412,2026-01-27T00:00:00,PP_FAC_Taux,CMAV HM ACT COTE,,
EXPORT_PRMP_ADP,2026-01-29T00:00:00,Groupe MH,CMAV,CMA2C,FR0010135103,CARMIGNAC PATRIMOINE,810.96,2026-01-27T00:00:00,P,644,1,522258.24,PP,FC_Div,PP_FAC_DIV_Autres,FR44,1559507,PP_FAC_DIV_Autres,522258.24,0,,0,522258.24,0,CMAV AG,Hors mandat CMAV AG,0,0,522258.24,,PP_FAC_DIV,CMAV HM ACT COTE,,
EXPORT_PRMP_ADP,2026-01-29T00:00:00,Groupe MH,CMAV,CMA2C,FR0000986531,SELECTION VALEURS MOYENNES,999.64,2026-01-27T00:00:00,P,13420,1,13415168.799999999,PP,FC_Act_EUR,PP_FAC_Act_EUR_SMC,FR41,5873302,PP_FAC_Act_EUR_SMC,13415168.799999999,0,M7EM,-0.0079417429619271,13308628.977599535,-106539.82240046374,CMAV AG,Hors mandat CMAV AG,0,-106539.82240046374,13308628.977599535,2026-01-28T00:00:00,PP_FAC_Act,CMAV HM ACT COTE,,
EXPORT_PRMP_ADP,2026-01-29T00:00:00,Groupe MH,CMAV,CMA2C,FR0007022967,LBPAM ACTIONS CROISSANCE EURO M,6737.46,2026-01-27T00:00:00,P,390,1,2627609.4,PP,FC_Act_EUR,PP_FAC_Act_EUR_LC,FR41,5873491,PP_FAC_Act_EUR_LC,2627609.4,0,M7EM,-0.0079417429619271,2606741.6015408565,-20867.798459143378,CMAV AG,Hors mandat CMAV AG,0,-20867.798459143378,2606741.6015408565,2026-01-28T00:00:00,PP_FAC_Act,CMAV HM ACT COTE,,
EXPORT_PRMP_ADP,2026-01-29T00:00:00,Groupe MH,CMAV,CMA2C,FR0007074166,LBPAM ACTIONS VALUE EURO,3465.31,2026-01-27T00:00:00,P,430,1,1490083.3,PP,FC_Act_EUR,PP_FAC_Act_EUR_LC,FR41,5873493,PP_FAC_Act_EUR_LC,1490083.3,0,M7EM,-0.0079417429619271,1478249.44143954,-11833.858560460154,CMAV AG,Hors mandat CMAV AG,0,-11833.858560460154,1478249.44143954,2026-01-28T00:00:00,PP_FAC_Act,CMAV HM ACT COTE,,
EXPORT_PRMP_ADP,2026-01-29T00:00:00,Groupe MH,CMAV,CMA2C,FR0011049709,LBPAM SELECTION ACTIONS EMERGENTS,2195.55,2026-01-27T00:00:00,P,550,1,1207552.5,PP,FC_Act_Emerg,PP_FAC_Act_Eme,FR41,4622717,PP_FAC_Act_Eme,1207552.5,0,MSDEEEMN,0.0189400004574879,1230423.5449024409,22871.04490244086,CMAV AG,Hors mandat CMAV AG,0,22871.04490244086,1230423.5449024409,2026-01-28T00:00:00,PP_FAC_Act,CMAV HM ACT COTE,,
EXPORT_PRMP_ADP,2026-01-29T00:00:00,Groupe MH,CMAV,CMA2C,FR0007040365,MH EDRAM HYBRIDES CORPORATE,33805.25,2026-01-27T00:00:00,P,177,1,5983529.25,PP,FC_Taux_HY,PP_FAC_Taux_Corp_HY,XL42,1334621,PP_FAC_Taux_Corp_HY,5983529.25,0,HE00,-0.000194580552558224,5982364.971572286,-1164.2784277135506,CMAV AG,Hors mandat CMAV AG,0,-1164.2784277135506,5982364.971572286,2026-01-28T00:00:00,PP_FAC_Taux,CMAV HM ACT COTE,,
EXPORT_PRMP_ADP,2026-01-29T00:00:00,Groupe MH,CMAV,CMA2C,FR0007012182,LBPAM ISR Actions Euromonde MH,9830.83,2026-01-27T00:00:00,P,2219,1,21814611.77,PP,FC_Act_Mixte,PP_FAC_Act_Global,FR41,5873490,PP_FAC_Act_Global,21814611.77,0,,0,21814611.77,0,CMAV AG,Hors mandat CMAV AG,0,0,21814611.77,,PP_FAC_Act,CMAV HM ACT COTE,,
EXPORT_PRMP_ADP,2026-01-29T00:00:00,Groupe MH,CMAV,CMA2C,FR0007045950,FEDERIS ISR EURO M,2470.89,2026-01-27T00:00:00,P,590,1,1457825.1,PP,FC_Act_EUR,PP_FAC_Act_EUR_LC,FR41,5873492,PP_FAC_Act_EUR_LC,1457825.1,0,M7EM,-0.0079417429619271,1446247.4277723546,-11577.672227645526,CMAV AG,Hors mandat CMAV AG,0,-11577.672227645526,1446247.4277723546,2026-01-28T00:00:00,PP_FAC_Act,CMAV HM ACT COTE,,
EXPORT_PRMP_ADP,2026-01-29T00:00:00,Groupe MH,CMAV,CMA2C,FR0011758044,LBPAM PRO ALTO M,1135.85,2026-01-27T00:00:00,P,13700,1,15561145,PP,FC_Div,PP_FAC_Taux_Corp_IG,FR42,5873495,PP_FAC_Taux_Corp_IG,15561145,0,,0,15561145,0,CMAV AG,Hors mandat CMAV AG,0,0,15561145,,PP_FAC_Taux,CMAV HM ACT COTE,,
EXPORT_PRMP_ADP,2026-01-29T00:00:00,Groupe MH,CMAV,CMA2C,FR0011304278,TOCQUEVILLE MID CAP EURO ISRMH,3537.62,2026-01-27T00:00:00,P,180,1,636771.6,PP,FC_Act_EUR,PP_FAC_Act_EUR_SMC,FR41,7240253,PP_FAC_Act_EUR_SMC,636771.6,0,M7EM,-0.0079417429619271,631714.523627345,-5057.076372654992,CMAV AG,Hors mandat CMAV AG,0,-5057.076372654992,631714.523627345,2026-01-28T00:00:00,PP_FAC_Act,CMAV HM ACT COTE,,
EXPORT_PRMP_ADP,2026-01-29T00:00:00,Groupe MH,EMUT,EMU2A,FR0013342326,Tocqueville US Equity SRI GP,247.2,2026-01-27T00:00:00,P,1724,1,426172.8,PP,FC_Act_US,,FR41,12234458,PP_FAC_Act_EUR_LC,426172.8,0,,0,426172.8,0,EMUT AG,Hors mandat EMUT AG,0,0,426172.8,,PP_FAC_Act,EMUT HORS MDT COTE,,
EXPORT_PRMP_ADP,2026-01-29T00:00:00,Groupe MH,EMUT,EMU2A,FR001400GS55,LBPAM ISR CONVS MONDE-MH,12212.36,2026-01-27T00:00:00,P,10,1,122123.6,PP,FC_Conv_Monde,PP_FAC_Conv_Global,FR42,10056894,PP_FAC_Conv_Global,122123.6,0,UCBIFX13,0.0107711057676473,123439.00621232587,1315.4062123258627,EMUT AG,Hors mandat EMUT AG,0,1315.4062123258627,123439.00621232587,2026-01-27T00:00:00,PP_FAC_Conv,EMUT HORS MDT COTE,,
EXPORT_PRMP_ADP,2026-01-29T00:00:00,Groupe MH,EMUT,EMU2A,FR0013230042,Tocqueville Value Euro ISR GP,179.02,2026-01-27T00:00:00,P,1064,1,190477.28,PP,FC_Act_EUR,,FR41,12238661,PP_FAC_Act_EUR_LC,190477.28,0,M7EM,-0.0079417429619271,188964.558402153,-1512.721597847005,EMUT AG,Hors mandat EMUT AG,0,-1512.721597847005,188964.558402153,2026-01-28T00:00:00,PP_FAC_Act,EMUT HORS MDT COTE,,
EXPORT_PRMP_ADP,2026-01-29T00:00:00,Groupe MH,EMUT,EMU2A,FR0007022793,LBPAM ACTIONS EX-EURO-M,5148.84,2026-01-27T00:00:00,P,19,1,97827.96,PP,FC_Act_exEUR,PP_FAC_Act_ExEUR,FR41,5873215,PP_FAC_Act_ExEUR,97827.96,0,,0,97827.96,0,EMUT AG,Hors mandat EMUT AG,0,0,97827.96,,PP_FAC_Act,EMUT HORS MDT COTE,,
EXPORT_PRMP_ADP,2026-01-29T00:00:00,Groupe MH,EMUT,EMU2A,FR0013241031,OSTRUM SRI EURO BONDS 3-5 GP,100.26,2026-01-27T00:00:00,P,6731.03633,1,674853.7,PP,FC_Taux_Souv,PP_FAC_Taux_Gov,FR42,9315963,PP_FAC_Taux_Gov,674853.7,0,,0,674853.7,0,EMUT AG,Hors mandat EMUT AG,0,0,674853.7,,PP_FAC_Taux,EMUT HORS MDT COTE,,
EXPORT_PRMP_ADP,2026-01-29T00:00:00,Groupe MH,EMUT,EMU2A,FR0010702084,INSERTION EMP DYN RC,249.36,2026-01-27T00:00:00,P,361.7122,1,90196.55,PP,FC_Act_EUR,PP_FAC_Act_EUR_LC,FR41,3030930,PP_FAC_Act_EUR_LC,90196.55,0,M7EM,-0.0079417429619271,89480.2321838474,-716.3178161526012,EMUT AG,Hors mandat EMUT AG,0,-716.3178161526012,89480.2321838474,2026-01-28T00:00:00,PP_FAC_Act,EMUT HORS MDT COTE,,
EXPORT_PRMP_ADP,2026-01-29T00:00:00,Groupe MH,EMUT,EMU2A,FR0007045950,FEDERIS ISR EURO M,2390.61,2026-01-27T00:00:00,P,353,1,843885.33,PP,FC_Act_EUR,PP_FAC_Act_EUR_LC,FR41,5873492,PP_FAC_Act_EUR_LC,843885.33,0,M7EM,-0.0079417429619271,837183.409619799,-6701.920380200958,EMUT AG,Hors mandat EMUT AG,0,-6701.920380200958,837183.409619799,2026-01-28T00:00:00,PP_FAC_Act,EMUT HORS MDT COTE,,
EXPORT_PRMP_ADP,2026-01-29T00:00:00,Groupe MH,EMUT,EMU2A,FR0000986531,SELECTION VALEURS MOYENNES,952.76,2026-01-27T00:00:00,P,119,1,113378.44,PP,FC_Act_EUR,PP_FAC_Act_EUR_SMC,FR41,5873302,PP_FAC_Act_EUR_SMC,113378.44,0,M7EM,-0.0079417429619271,112478.01757209573,-900.4224279042683,EMUT AG,Hors mandat EMUT AG,0,-900.4224279042683,112478.01757209573,2026-01-28T00:00:00,PP_FAC_Act,EMUT HORS MDT COTE,,
EXPORT_PRMP_ADP,2026-01-29T00:00:00,Groupe MH,EMUT,EMU2A,FR0013305935,LAZARD CREDIT FI SRI TC,267.77,2026-01-27T00:00:00,P,743.752,1,199154.47,PP,FC_Taux_Autre,PP_FAC_Taux_Corp_IG,FR42,9315968,PP_FAC_Taux_Corp_IG,199154.47,0,LECPTREU,0.000630639262365374,199280.06462805756,125.59462805755902,EMUT AG,Hors mandat EMUT AG,0,125.59462805755902,199280.06462805756,2026-01-27T00:00:00,PP_FAC_Taux,EMUT HORS MDT COTE,,
EXPORT_PRMP_ADP,2026-01-29T00:00:00,Groupe MH,INPR,INP2C,FR0007057674,FEDERIS ISR ACTIONS US MM,4369.49,2026-01-27T00:00:00,P,6115,1,26719431.349999998,PP,FC_Act_US,PP_FAC_Act_US_LC,FR41,5876542,PP_FAC_Act_US_LC,26719431.349999998,0,,0,26719431.349999998,0,INPR AG,Hors mandat INPR AG,0,0,26719431.349999998,,PP_FAC_Act,INPR HM ACT COTE,,
EXPORT_PRMP_ADP,2026-01-29T00:00:00,Groupe MH,INPR,INP2C,FR0007074166,LBPAM ACTIONS VALUE EURO,3465.31,2026-01-27T00:00:00,P,4166,1,14436481.459999999,PP,FC_Act_EUR,PP_FAC_Act_EUR_LC,FR41,5873493,PP_FAC_Act_EUR_LC,14436481.459999999,0,M7EM,-0.0079417429619271,14321830.634970054,-114650.825029945,INPR AG,Hors mandat INPR AG,0,-114650.825029945,14321830.634970054,2026-01-28T00:00:00,PP_FAC_Act,INPR HM ACT COTE,,
EXPORT_PRMP_ADP,2026-01-29T00:00:00,Groupe MH,INPR,INP2C,FR0010590950,OBJECTIF CREDIT FI-C,20086.22,2026-01-27T00:00:00,P,26,1,522241.72,PP,FC_Taux_Autre,PP_FAC_Taux_Corp_HY,FR42,2956515,PP_FAC_Taux_Corp_HY,522241.72,0,LECPTREU,0.000630639262365374,522571.0661330772,329.3461330772261,INPR AG,Hors mandat INPR AG,0,329.3461330772261,522571.0661330772,2026-01-27T00:00:00,PP_FAC_Taux,INPR HM ACT COTE,,
EXPORT_PRMP_ADP,2026-01-29T00:00:00,Groupe MH,INPR,INP2C,FR0014010YJ4,LBPAM ISR Actions Focus Euro I2,10528.71,2026-01-27T00:00:00,P,191.82795,1,2019700.86,PP,FC_Act_EUR,,FR41,12771012,PP_FAC_Act_EUR_LC,2019700.86,0,M7EM,-0.0079417429619271,2003660.9149098971,-16039.945090102963,INPR AG,Hors mandat INPR AG,0,-16039.945090102963,2003660.9149098971,2026-01-28T00:00:00,PP_FAC_Act,INPR HM ACT COTE,,
EXPORT_PRMP_ADP,2026-01-29T00:00:00,Groupe MH,INPR,INP2C,FR0007021936,FEDERIS ISR FRANCE MH,468.76,2026-01-27T00:00:00,P,11000,1,5156360,PP,FC_Act_EUR,PP_FAC_Act_EUR_LC,FR41,5873258,PP_FAC_Act_EUR_LC,5156360,0,M7EM,-0.0079417429619271,5115409.514260838,-40950.48573916219,INPR AG,Hors mandat INPR AG,0,-40950.48573916219,5115409.514260838,2026-01-28T00:00:00,PP_FAC_Act,INPR HM ACT COTE,,
EXPORT_PRMP_ADP,2026-01-29T00:00:00,Groupe MH,INPR,INP2C,FR0011034560,EDR FINANCIAL BDS S,1498.63,2026-01-27T00:00:00,P,326,1,488553.38,PP,FC_Taux_Autre,PP_FAC_Taux_Corp_HY,FR42,4879142,PP_FAC_Taux_Corp_HY,488553.38,0,LECPTREU,0.000630639262365374,488861.48094318935,308.10094318934716,INPR AG,Hors mandat INPR AG,0,308.10094318934716,488861.48094318935,2026-01-27T00:00:00,PP_FAC_Taux,INPR HM ACT COTE,,
EXPORT_PRMP_ADP,2026-01-29T00:00:00,Groupe MH,INPR,INP2C,FR0011304278,TOCQUEVILLE MID CAP EURO ISRMH,3537.62,2026-01-27T00:00:00,P,3900,1,13796717.999999998,PP,FC_Act_EUR,PP_FAC_Act_EUR_SMC,FR41,7240253,PP_FAC_Act_EUR_SMC,13796717.999999998,0,M7EM,-0.0079417429619271,13687148.011925805,-109569.98807419278,INPR AG,Hors mandat INPR AG,0,-109569.98807419278,13687148.011925805,2026-01-28T00:00:00,PP_FAC_Act,INPR HM ACT COTE,,
EXPORT_PRMP_ADP,2026-01-29T00:00:00,Groupe MH,INPR,INP2C,LU2541301847,EdRF EM Climate Bonds S EUR H,108.39,2026-01-27T00:00:00,P,4593,1,497835.27,PP,FC_Taux_Emerg,PP_FAC_Taux_Eme,LU42,11008396,PP_FAC_Taux_Eme,497835.27,0,,0,497835.27,0,INPR AG,Hors mandat INPR AG,0,0,497835.27,,PP_FAC_Taux,INPR HM ACT COTE,,
EXPORT_PRMP_ADP,2026-01-29T00:00:00,Groupe MH,INPR,INP2C,FR001400GS55,LBPAM ISR CONVS MONDE-MH,12661.01,2026-01-27T00:00:00,P,76,1,962236.76,PP,FC_Conv_Monde,PP_FAC_Conv_Global,FR42,10056894,PP_FAC_Conv_Global,962236.76,0,UCBIFX13,0.0107711057676473,972601.1139154783,10364.353915478336,INPR AG,Hors mandat INPR AG,0,10364.353915478336,972601.1139154783,2026-01-27T00:00:00,PP_FAC_Conv,INPR HM ACT COTE,,
EXPORT_PRMP_ADP,2026-01-29T00:00:00,Groupe MH,INPR,INP2C,FR001400EBG6,MH Lazard Total Return,1140.52,2026-01-27T00:00:00,P,990,1,1129114.8,PP,FC_Taux_Autre,PP_FAC_Taux_Autre,FR42,9745480,PP_FAC_Taux_Autre,1129114.8,0,LECPTREU,0.000630639262365374,1129826.864124598,712.064124597935,INPR AG,Hors mandat INPR AG,0,712.064124597935,1129826.864124598,2026-01-27T00:00:00,PP_FAC_Taux,INPR HM ACT COTE,,
EXPORT_PRMP_ADP,2026-01-29T00:00:00,Groupe MH,INPR,INP2C,FR0007045950,FEDERIS ISR EURO M,2470.89,2026-01-27T00:00:00,P,15000,1,37063350,PP,FC_Act_EUR,PP_FAC_Act_EUR_LC,FR41,5873492,PP_FAC_Act_EUR_LC,37063350,0,M7EM,-0.0079417429619271,36769002.40099206,-294347.5990079418,INPR AG,Hors mandat INPR AG,0,-294347.5990079418,36769002.40099206,2026-01-28T00:00:00,PP_FAC_Act,INPR HM ACT COTE,,
EXPORT_PRMP_ADP,2026-01-29T00:00:00,Groupe MH,INPR,INP2C,FR0007079330,LBPAM SELECTION ACTIONS ASIE,5407.02,2026-01-27T00:00:00,P,1375,1,7434652.5,PP,FC_Act_AsPac,PP_FAC_Act_Asie,FR41,4622700,PP_FAC_Act_Asie,7434652.5,0,MSDEPN,-0.00291159223150804,7413005.823537038,-21646.676462962292,INPR AG,Hors mandat INPR AG,0,-21646.676462962292,7413005.823537038,2026-01-28T00:00:00,PP_FAC_Act,INPR HM ACT COTE,,
EXPORT_PRMP_ADP,2026-01-29T00:00:00,Groupe MH,INPR,INP2C,FR0000986531,SELECTION VALEURS MOYENNES,999.64,2026-01-27T00:00:00,P,9833,1,9829460.12,PP,FC_Act_EUR,PP_FAC_Act_EUR_SMC,FR41,5873302,PP_FAC_Act_EUR_SMC,9829460.12,0,M7EM,-0.0079417429619271,9751397.074272446,-78063.04572755285,INPR AG,Hors mandat INPR AG,0,-78063.04572755285,9751397.074272446,2026-01-28T00:00:00,PP_FAC_Act,INPR HM ACT COTE,,
EXPORT_PRMP_ADP,2026-01-29T00:00:00,Groupe MH,INPR,INP2C,FR0007022967,LBPAM ACTIONS CROISSANCE EURO M,6737.46,2026-01-27T00:00:00,P,700,1,4716222,PP,FC_Act_EUR,PP_FAC_Act_EUR_LC,FR41,5873491,PP_FAC_Act_EUR_LC,4716222,0,M7EM,-0.0079417429619271,4678766.977124615,-37455.02287538536,INPR AG,Hors mandat INPR AG,0,-37455.02287538536,4678766.977124615,2026-01-28T00:00:00,PP_FAC_Act,INPR HM ACT COTE,,
EXPORT_PRMP_ADP,2026-01-29T00:00:00,Groupe MH,INPR,INP2C,LU1585264762,TIKEHAU SUBFIN FUND I CAP,224.77,2026-01-27T00:00:00,P,1206.002,1,271073.07,PP,FC_Taux_HY,PP_FAC_Taux_Corp_HY,LU49,7240288,PP_FAC_Taux_Corp_HY,271073.07,0,HE00,-0.000194580552558224,271020.32445225574,-52.74554774427088,INPR AG,Hors mandat INPR AG,0,-52.74554774427088,271020.32445225574,2026-01-28T00:00:00,PP_FAC_Taux,INPR HM ACT COTE,,
EXPORT_PRMP_ADP,2026-01-29T00:00:00,Groupe MH,INPR,INP2C,FR0007078480,LBPAM ACTIONS EURO LARGE CAP M,4133.97,2026-01-27T00:00:00,P,8401,1,34729481.97,PP,FC_Act_EUR,PP_FAC_Act_EUR_LC,FR41,4597012,PP_FAC_Act_EUR_LC,34729481.97,0,M7EM,-0.0079417429619271,34453669.35099338,-275812.61900661886,INPR AG,Hors mandat INPR AG,0,-275812.61900661886,34453669.35099338,2026-01-28T00:00:00,PP_FAC_Act,INPR HM ACT COTE,,
EXPORT_PRMP_ADP,2026-01-29T00:00:00,Groupe MH,MHP,MHP1R,FR0011441583,LBPAM ISR Opti Euro Equity MH,2532.75,2026-01-27T00:00:00,P,1546,1,3915631.5,PP,FC_Act_EUR,PP_FAC_Act_EUR_LC,FR41,5873494,PP_FAC_Act_EUR_LC,3915631.5,0,M7EM,-0.0079417429619271,3884534.561093375,-31096.938906624913,MHP PERE,Mandats LBPAM MHP PERE,0,-31096.938906624913,3884534.561093375,2026-01-28T00:00:00,PP_FAC_Act,MHP PERE HM ACT COTE,,
EXPORT_PRMP_ADP,2026-01-29T00:00:00,Groupe MH,MHP,MHP1R,FR0007057674,FEDERIS ISR ACTIONS US MM,4369.49,2026-01-27T00:00:00,P,664,1,2901341.36,PP,FC_Act_US,PP_FAC_Act_US_LC,FR41,5876542,PP_FAC_Act_US_LC,2901341.36,0,,0,2901341.36,0,MHP PERE,Mandats LBPAM MHP PERE,0,0,2901341.36,,PP_FAC_Act,MHP PERE HM ACT COTE,,
EXPORT_PRMP_ADP,2026-01-29T00:00:00,Groupe MH,MHP,MHP1R,FR0011049709,LBPAM SELECTION ACTIONS EMERGENTS,2195.55,2026-01-27T00:00:00,P,419,1,919935.45,PP,FC_Act_Emerg,PP_FAC_Act_Eme,FR41,4622717,PP_FAC_Act_Eme,919935.45,0,MSDEEEMN,0.0189400004574879,937359.0278438594,17423.577843859443,MHP PERE,Mandats LBPAM MHP PERE,0,17423.577843859443,937359.0278438594,2026-01-28T00:00:00,PP_FAC_Act,MHP PERE HM ACT COTE,,
EXPORT_PRMP_ADP,2026-01-29T00:00:00,Groupe MH,MHP,MHP1R,FR0000986531,SELECTION VALEURS MOYENNES,999.64,2026-01-27T00:00:00,P,5400,1,5398056,PP,FC_Act_EUR,PP_FAC_Act_EUR_SMC,FR41,5873302,PP_FAC_Act_EUR_SMC,5398056,0,M7EM,-0.0079417429619271,5355186.026753912,-42869.97324608825,MHP PERE,Mandats LBPAM MHP PERE,0,-42869.97324608825,5355186.026753912,2026-01-28T00:00:00,PP_FAC_Act,MHP PERE HM ACT COTE,,
EXPORT_PRMP_ADP,2026-01-29T00:00:00,Groupe MH,MHP,MHP1R,FR0007045950,FEDERIS ISR EURO M,2470.89,2026-01-27T00:00:00,P,6659,1,16453656.510000002,PP,FC_Act_EUR,PP_FAC_Act_EUR_LC,FR41,5873492,PP_FAC_Act_EUR_LC,16453656.510000002,0,M7EM,-0.0079417429619271,16322985.799213743,-130670.7107862588,MHP PERE,Mandats LBPAM MHP PERE,0,-130670.7107862588,16322985.799213743,2026-01-28T00:00:00,PP_FAC_Act,MHP PERE HM ACT COTE,,
EXPORT_PRMP_ADP,2026-01-29T00:00:00,Groupe MH,MHP,MHP1R,FR0007022967,LBPAM ACTIONS CROISSANCE EURO M,6737.46,2026-01-27T00:00:00,P,932,1,6279312.72,PP,FC_Act_EUR,PP_FAC_Act_EUR_LC,FR41,5873491,PP_FAC_Act_EUR_LC,6279312.72,0,M7EM,-0.0079417429619271,6229444.032400201,-49868.687599798664,MHP PERE,Mandats LBPAM MHP PERE,0,-49868.687599798664,6229444.032400201,2026-01-28T00:00:00,PP_FAC_Act,MHP PERE HM ACT COTE,,
EXPORT_PRMP_ADP,2026-01-29T00:00:00,Groupe MH,MHP,MHP2B,FR0012599645,GROUPAMA ULTRA SHT TERM BD IC,11099.28,2026-01-27T00:00:00,P,455.11,1,5051393.32,PP,FC_Taux_Autre,PP_FAC_Taux_Autre,FR43,5370699,PP_FAC_Taux_Autre,5051393.32,0,LECPTREU,0.000630639262365374,5054578.926957242,3185.606957241893,MHP AG,Hors mandat MHP AG,0,3185.606957241893,5054578.926957242,2026-01-27T00:00:00,PP_FAC_Taux,MHP HM ACT NC,,
EXPORT_PRMP_ADP,2026-01-29T00:00:00,Groupe MH,MHP,MHP2C,LU2066074910,BDLCM Funds BDL Transition E Acc,163.82,2026-01-27T00:00:00,P,72100,1,11811422,PP,FC_Act_exEUR,PP_FAC_Taux_Gov,LU41,11008390,PP_FAC_Taux_Gov,11811422,0,,0,11811422,0,MHP AG,Hors mandat MHP AG,0,0,11811422,,PP_FAC_Taux,MHP HM ACT COTE,,
EXPORT_PRMP_ADP,2026-01-29T00:00:00,Groupe MH,MHP,MHP2C,FR0010590950,OBJECTIF CREDIT FI-C,20086.22,2026-01-27T00:00:00,P,2568,1,51581412.96,PP,FC_Taux_Autre,PP_FAC_Taux_Corp_HY,FR42,2956515,PP_FAC_Taux_Corp_HY,51581412.96,0,LECPTREU,0.000630639262365374,51613942.22422086,32529.26422085613,MHP AG,Hors mandat MHP AG,0,32529.26422085613,51613942.22422086,2026-01-27T00:00:00,PP_FAC_Taux,MHP HM ACT COTE,,
EXPORT_PRMP_ADP,2026-01-29T00:00:00,Groupe MH,MHP,MHP2C,FR0007475975,MH Lazard action euro LC,522,2026-01-27T00:00:00,P,823202.19834,1,429711547.53000003,PP,FC_Act_EUR,PP_FAC_Act_EUR_LC,FR41,8009926,PP_FAC_Act_EUR_LC,429711547.53000003,0,M7EM,-0.0079417429619271,426298888.8717449,-3412658.65825516,MHP AG,Hors mandat MHP AG,0,-3412658.65825516,426298888.8717449,2026-01-28T00:00:00,PP_FAC_Act,MHP HM ACT COTE,,
EXPORT_PRMP_ADP,2026-01-29T00:00:00,Groupe MH,MHP,MHP2C,FR0007021936,FEDERIS ISR FRANCE MH,468.76,2026-01-27T00:00:00,P,202477,1,94913118.52000001,PP,FC_Act_EUR,PP_FAC_Act_EUR_LC,FR41,5873258,PP_FAC_Act_EUR_LC,94913118.52000001,0,M7EM,-0.0079417429619271,94159342.92899925,-753775.5910007656,MHP AG,Hors mandat MHP AG,0,-753775.5910007656,94159342.92899925,2026-01-28T00:00:00,PP_FAC_Act,MHP HM ACT COTE,,
EXPORT_PRMP_ADP,2026-01-29T00:00:00,Groupe MH,MHP,MHP2C,FR001400N7S5,MH EDRAM DIVERSIFIE,11490.29,2026-01-27T00:00:00,P,19315,1,221934951.35000002,PP,FC_Div,,FR44,10907450,PP_FAC_Act_EUR_LC,221934951.35000002,0,,0,221934951.35000002,0,MHP AG,Hors mandat MHP AG,0,0,221934951.35000002,,PP_FAC_Act,MHP HM ACT COTE,,
EXPORT_PRMP_ADP,2026-01-29T00:00:00,Groupe MH,MHP,MHP2C,FR001400WZF9,Fonds Objectif Biodiversit� Actions Cot�,11187,2026-01-27T00:00:00,P,1500,1,16780500,PP,FC_Act_Mixte,,XL41,11972345,PP_FAC_Act_EUR_LC,16780500,0,,0,16780500,0,MHP AG,Hors mandat MHP AG,0,0,16780500,,PP_FAC_Act,MHP HM ACT COTE,,
EXPORT_PRMP_ADP,2026-01-29T00:00:00,Groupe MH,MHP,MHP2C,LU2541301847,EdRF EM Climate Bonds S EUR H,108.39,2026-01-27T00:00:00,P,115822,1,12553946.58,PP,FC_Taux_Emerg,PP_FAC_Taux_Eme,LU42,11008396,PP_FAC_Taux_Eme,12553946.58,0,,0,12553946.58,0,MHP AG,Hors mandat MHP AG,0,0,12553946.58,,PP_FAC_Taux,MHP HM ACT COTE,,
EXPORT_PRMP_ADP,2026-01-29T00:00:00,Groupe MH,MHP,MHP2C,FR001400GS55,LBPAM ISR CONVS MONDE-MH,12661.01,2026-01-27T00:00:00,P,13260,1,167884992.6,PP,FC_Conv_Monde,PP_FAC_Conv_Global,FR42,10056894,PP_FAC_Conv_Global,167884992.6,0,UCBIFX13,0.0107711057676473,169693299.6120953,1808307.0120953023,MHP AG,Hors mandat MHP AG,0,1808307.0120953023,169693299.6120953,2026-01-27T00:00:00,PP_FAC_Conv,MHP HM ACT COTE,,
EXPORT_PRMP_ADP,2026-01-29T00:00:00,Groupe MH,MHP,MHP2C,FR0007053749,OSTRUM SRI CRDT ULTRA SHT PLSS,1754.93,2026-01-27T00:00:00,P,87914,1,154282916.01999998,PP,FC_Taux_Entr,PP_FAC_Taux_Corp_IG,FR42,8297652,PP_FAC_Taux_Corp_IG,154282916.01999998,0,LECPTREU,0.000630639262365374,154380212.8843544,97296.86435443163,MHP AG,Hors mandat MHP AG,0,97296.86435443163,154380212.8843544,2026-01-27T00:00:00,PP_FAC_Taux,MHP HM ACT COTE,,
EXPORT_PRMP_ADP,2026-01-29T00:00:00,Groupe MH,MHP,MHP2C,FR001400EBG6,MH Lazard Total Return,1140.52,2026-01-27T00:00:00,P,263978,1,301072188.56,PP,FC_Taux_Autre,PP_FAC_Taux_Autre,FR42,9745480,PP_FAC_Taux_Autre,301072188.56,0,LECPTREU,0.000630639262365374,301262056.5029122,189867.94291222095,MHP AG,Hors mandat MHP AG,0,189867.94291222095,301262056.5029122,2026-01-27T00:00:00,PP_FAC_Taux,MHP HM ACT COTE,,
EXPORT_PRMP_ADP,2026-01-29T00:00:00,Groupe MH,MHP,MHP2C,FR0007040365,MH EDRAM HYBRIDES CORPORATE,33805.25,2026-01-27T00:00:00,P,3354,1,113382808.5,PP,FC_Taux_HY,PP_FAC_Taux_Corp_HY,XL42,1334621,PP_FAC_Taux_Corp_HY,113382808.5,0,HE00,-0.000194580552558224,113360746.41047145,-22062.089528545737,MHP AG,Hors mandat MHP AG,0,-22062.089528545737,113360746.41047145,2026-01-28T00:00:00,PP_FAC_Taux,MHP HM ACT COTE,,
EXPORT_PRMP_ADP,2026-01-29T00:00:00,Groupe MH,MHP,MHP2C,FR0000986531,SELECTION VALEURS MOYENNES,999.64,2026-01-27T00:00:00,P,168110,1,168049480.4,PP,FC_Act_EUR,PP_FAC_Act_EUR_SMC,FR41,5873302,PP_FAC_Act_EUR_SMC,168049480.4,0,M7EM,-0.0079417429619271,166714874.6217778,-1334605.7782222033,MHP AG,Hors mandat MHP AG,0,-1334605.7782222033,166714874.6217778,2026-01-28T00:00:00,PP_FAC_Act,MHP HM ACT COTE,,
EXPORT_PRMP_ADP,2026-01-29T00:00:00,Groupe MH,MHP,MHP2C,FR0007045950,FEDERIS ISR EURO M,2470.89,2026-01-27T00:00:00,P,228208,1,563876865.12,PP,FC_Act_EUR,PP_FAC_Act_EUR_LC,FR41,5873492,PP_FAC_Act_EUR_LC,563876865.12,0,M7EM,-0.0079417429619271,559398699.9950397,-4478165.124960303,MHP AG,Hors mandat MHP AG,0,-4478165.124960303,559398699.9950397,2026-01-28T00:00:00,PP_FAC_Act,MHP HM ACT COTE,,
EXPORT_PRMP_ADP,2026-01-29T00:00:00,Groupe MH,MHP,MHP2C,FR0013032430,DOM REFLEX I,1249.34,2026-01-27T00:00:00,P,8115,1,10138394.100000001,PP,FC_Div,,FR44,7271877,PP_FAC_Act_EUR_LC,10138394.100000001,0,,0,10138394.100000001,0,MHP AG,Hors mandat MHP AG,0,0,10138394.100000001,,PP_FAC_Act,MHP HM ACT COTE,,
EXPORT_PRMP_ADP,2026-01-29T00:00:00,Groupe MH,MHP,MHP2C,FR001400MAX6,MH Lazard Diversifi�,1160.54,2026-01-27T00:00:00,P,129170,1,149906951.8,PP,FC_Div,PP_FAC_DIV_Autres,FR44,10831093,PP_FAC_DIV_Autres,149906951.8,0,,0,149906951.8,0,MHP AG,Hors mandat MHP AG,0,0,149906951.8,,PP_FAC_DIV,MHP HM ACT COTE,,
EXPORT_PRMP_ADP,2026-01-29T00:00:00,Groupe MH,MHP,MHP2C,FR0011790492,BDL REMPART EUROPE I,184.94,2026-01-27T00:00:00,P,136000,1,25151840,PP,FC_Alter_LS,PP_FAC_DIV_Autres,FR46,4373074,PP_FAC_DIV_Autres,25151840,0,,0,25151840,0,MHP AG,Hors mandat MHP AG,0,0,25151840,,PP_FAC_DIV,MHP HM ACT COTE,,
EXPORT_PRMP_ADP,2026-01-29T00:00:00,Groupe MH,MHP,MHP2C,FR001400CCX3,GEMEQUITY PART MH,147.17,2026-01-27T00:00:00,P,769495,1,113246579.15,PP,FC_Act_Emerg,PP_FAC_Act_Eme,XL41,9588501,PP_FAC_Act_Eme,113246579.15,0,MSDEEEMN,0.0189400004574879,115391469.41090995,2144890.260909945,MHP AG,Hors mandat MHP AG,0,2144890.260909945,115391469.41090995,2026-01-28T00:00:00,PP_FAC_Act,MHP HM ACT COTE,,
EXPORT_PRMP_ADP,2026-01-29T00:00:00,Groupe MH,MHP,MHP2C,FR0011945989,MH EDRAM Euro Smidcap H - EUR,2197.66,2026-01-27T00:00:00,P,160709.63,1,353185125.46999997,PP,FC_Act_Mixte,PP_FAC_Act_EUR_LC,FR41,8426038,PP_FAC_Act_EUR_LC,353185125.46999997,0,,0,353185125.46999997,0,MHP AG,Hors mandat MHP AG,0,0,353185125.46999997,,PP_FAC_Act,MHP HM ACT COTE,,
EXPORT_PRMP_ADP,2026-01-29T00:00:00,Groupe MH,MHP,MHP5C,FR0007053749,OSTRUM SRI CRDT ULTRA SHT PLSS,1751.38,2026-01-27T00:00:00,P,2881,1,5045725.78,PP,FC_Taux_Entr,PP_FAC_Taux_Corp_IG,FR42,8297652,PP_FAC_Taux_Corp_IG,5045725.78,0,LECPTREU,0.000630639262365374,5048907.8127839975,3182.032783997245,MHP AG,Hors mandat MHP AG,0,3182.032783997245,5048907.8127839975,2026-01-27T00:00:00,PP_FAC_Taux,MHP HM NANTI ID,,
EXPORT_PRMP_ADP,2026-01-29T00:00:00,Groupe MH,MHP,MHP5D,FR0007053749,OSTRUM SRI CRDT ULTRA SHT PLSS,1751.38,2026-01-27T00:00:00,P,1071,1,1875727.98,PP,FC_Taux_Entr,PP_FAC_Taux_Corp_IG,FR42,8297652,PP_FAC_Taux_Corp_IG,1875727.98,0,LECPTREU,0.000630639262365374,1876910.8877097054,1182.9077097054105,MHP AG,Hors mandat MHP AG,0,1182.9077097054105,1876910.8877097054,2026-01-27T00:00:00,PP_FAC_Taux,MHP HM NANTI SMI,,
EXPORT_PRMP_ADP,2026-01-29T00:00:00,Groupe MH,MHP,MHP5E,FR0007053749,OSTRUM SRI CRDT ULTRA SHT PLSS,1751.38,2026-01-27T00:00:00,P,1135,1,1987816.3,PP,FC_Taux_Entr,PP_FAC_Taux_Corp_IG,FR42,8297652,PP_FAC_Taux_Corp_IG,1987816.3,0,LECPTREU,0.000630639262365374,1989069.89500515,1253.595005149953,MHP AG,Hors mandat MHP AG,0,1253.595005149953,1989069.89500515,2026-01-27T00:00:00,PP_FAC_Taux,MHP HM NANTI CNP,,
EXPORT_PRMP_ADP,2026-01-29T00:00:00,Groupe MH,MHP,MHP5F,FR0007053749,OSTRUM SRI CRDT ULTRA SHT PLSS,1751.38,2026-01-27T00:00:00,P,832,1,1457148.16,PP,FC_Taux_Entr,PP_FAC_Taux_Corp_IG,FR42,8297652,PP_FAC_Taux_Corp_IG,1457148.16,0,LECPTREU,0.000630639262365374,1458067.0948407794,918.9348407795187,MHP AG,Hors mandat MHP AG,0,918.9348407795187,1458067.0948407794,2026-01-27T00:00:00,PP_FAC_Taux,MHP HM NANT GENERALI,,
EXPORT_PRMP_ADP,2026-01-29T00:00:00,Groupe MH,MHRS,MRS2C,FR0011304278,TOCQUEVILLE MID CAP EURO ISRMH,3537.62,2026-01-27T00:00:00,P,1620,1,5730944.4,PP,FC_Act_EUR,PP_FAC_Act_EUR_SMC,FR41,7240253,PP_FAC_Act_EUR_SMC,5730944.4,0,M7EM,-0.0079417429619271,5685430.712646105,-45513.687353895046,MHRS AG,Hors mandat MHRS AG,0,-45513.687353895046,5685430.712646105,2026-01-28T00:00:00,PP_FAC_Act,MHRS HM ACTIFS COTE,,
EXPORT_PRMP_ADP,2026-01-29T00:00:00,Groupe MH,MHRS,MRS2C,FR0011049709,LBPAM SELECTION ACTIONS EMERGENTS,2195.55,2026-01-27T00:00:00,P,1550,1,3403102.5,PP,FC_Act_Emerg,PP_FAC_Act_Eme,FR41,4622717,PP_FAC_Act_Eme,3403102.5,0,MSDEEEMN,0.0189400004574879,3467557.2629068787,64454.76290687872,MHRS AG,Hors mandat MHRS AG,0,64454.76290687872,3467557.2629068787,2026-01-28T00:00:00,PP_FAC_Act,MHRS HM ACTIFS COTE,,
EXPORT_PRMP_ADP,2026-01-29T00:00:00,Groupe MH,MHRS,MRS2C,FR0007022793,LBPAM ACTIONS EX-EURO-M,5323.72,2026-01-27T00:00:00,P,1875,1,9981975,PP,FC_Act_exEUR,PP_FAC_Act_ExEUR,FR41,5873215,PP_FAC_Act_ExEUR,9981975,0,,0,9981975,0,MHRS AG,Hors mandat MHRS AG,0,0,9981975,,PP_FAC_Act,MHRS HM ACTIFS COTE,,
EXPORT_PRMP_ADP,2026-01-29T00:00:00,Groupe MH,MHRS,MRS2C,FR0007021936,FEDERIS ISR FRANCE MH,468.76,2026-01-27T00:00:00,P,800,1,375008,PP,FC_Act_EUR,PP_FAC_Act_EUR_LC,FR41,5873258,PP_FAC_Act_EUR_LC,375008,0,M7EM,-0.0079417429619271,372029.78285533364,-2978.217144666356,MHRS AG,Hors mandat MHRS AG,0,-2978.217144666356,372029.78285533364,2026-01-28T00:00:00,PP_FAC_Act,MHRS HM ACTIFS COTE,,
EXPORT_PRMP_ADP,2026-01-29T00:00:00,Groupe MH,MHRS,MRS2C,FR0007022967,LBPAM ACTIONS CROISSANCE EURO M,6737.46,2026-01-27T00:00:00,P,1584,1,10672136.64,PP,FC_Act_EUR,PP_FAC_Act_EUR_LC,FR41,5873491,PP_FAC_Act_EUR_LC,10672136.64,0,M7EM,-0.0079417429619271,10587381.273950556,-84755.3660494443,MHRS AG,Hors mandat MHRS AG,0,-84755.3660494443,10587381.273950556,2026-01-28T00:00:00,PP_FAC_Act,MHRS HM ACTIFS COTE,,
EXPORT_PRMP_ADP,2026-01-29T00:00:00,Groupe MH,MHRS,MRS2C,FR0007045950,FEDERIS ISR EURO M,2470.89,2026-01-27T00:00:00,P,3910,1,9661179.9,PP,FC_Act_EUR,PP_FAC_Act_EUR_LC,FR41,5873492,PP_FAC_Act_EUR_LC,9661179.9,0,M7EM,-0.0079417429619271,9584453.292525264,-76726.60747473687,MHRS AG,Hors mandat MHRS AG,0,-76726.60747473687,9584453.292525264,2026-01-28T00:00:00,PP_FAC_Act,MHRS HM ACTIFS COTE,,
EXPORT_PRMP_ADP,2026-01-29T00:00:00,Groupe MH,MHRS,MRS2C,FR001400OLK6,MH AMUNDI ACTIONS EURO U,126.96,2026-01-27T00:00:00,P,1,1,126.96,PP,FC_Act_EUR,PP_FAC_Act_EUR_LC,FR41,11110054,PP_FAC_Act_EUR_LC,126.96,0,M7EM,-0.0079417429619271,125.95171631355373,-1.008283686446262,MHRS AG,Hors mandat MHRS AG,0,-1.008283686446262,125.95171631355373,2026-01-28T00:00:00,PP_FAC_Act,MHRS HM ACTIFS COTE,,
EXPORT_PRMP_ADP,2026-01-29T00:00:00,Groupe MH,MHRS,MRS2C,FR0007057674,FEDERIS ISR ACTIONS US MM,4369.49,2026-01-27T00:00:00,P,3059,1,13366269.91,PP,FC_Act_US,PP_FAC_Act_US_LC,FR41,5876542,PP_FAC_Act_US_LC,13366269.91,0,,0,13366269.91,0,MHRS AG,Hors mandat MHRS AG,0,0,13366269.91,,PP_FAC_Act,MHRS HM ACTIFS COTE,,
EXPORT_PRMP_ADP,2026-01-29T00:00:00,Groupe MH,MHRS,MRS2C,LU0593537219,OSTRUM EURO HIGH INCOME FD IDE,97.22,2026-01-27T00:00:00,P,15760,1,1532187.2,PP,FC_Taux_HY,PP_FAC_Taux_Corp_HY,LU42,7240285,PP_FAC_Taux_Corp_HY,1532187.2,0,HE00,-0.000194580552558224,1531889.0661680012,-298.133831998799,MHRS AG,Hors mandat MHRS AG,0,-298.133831998799,1531889.0661680012,2026-01-28T00:00:00,PP_FAC_Taux,MHRS HM ACTIFS COTE,,
EXPORT_PRMP_ADP,2026-01-29T00:00:00,Groupe MH,MHRS,MRS2C,FR0011034560,EDR FINANCIAL BDS S,1498.63,2026-01-27T00:00:00,P,2093,1,3136632.59,PP,FC_Taux_Autre,PP_FAC_Taux_Corp_HY,FR42,4879142,PP_FAC_Taux_Corp_HY,3136632.59,0,LECPTREU,0.000630639262365374,3138610.673662869,1978.083662868943,MHRS AG,Hors mandat MHRS AG,0,1978.083662868943,3138610.673662869,2026-01-27T00:00:00,PP_FAC_Taux,MHRS HM ACTIFS COTE,,
EXPORT_PRMP_ADP,2026-01-29T00:00:00,Groupe MH,MHRS,MRS2C,FR0010590950,OBJECTIF CREDIT FI-C,20086.22,2026-01-27T00:00:00,P,170,1,3414657.4,PP,FC_Taux_Autre,PP_FAC_Taux_Corp_HY,FR42,2956515,PP_FAC_Taux_Corp_HY,3414657.4,0,LECPTREU,0.000630639262365374,3416810.8170239665,2153.4170239665546,MHRS AG,Hors mandat MHRS AG,0,2153.4170239665546,3416810.8170239665,2026-01-27T00:00:00,PP_FAC_Taux,MHRS HM ACTIFS COTE,,
EXPORT_PRMP_ADP,2026-01-29T00:00:00,Groupe MH,AUXIA,AUX2E,FR0011304278,TOCQUEVILLE MID CAP EURO ISRMH,3537.62,2026-01-27T00:00:00,P,1300,1,4598906,PP,FC_Act_EUR,PP_FAC_Act_EUR_SMC,FR41,7240253,PP_FAC_Act_EUR_SMC,4598906,0,M7EM,-0.0079417429619271,4562382.670641935,-36523.32935806457,AUXIA AG,Hors mandat AUXIA AG,0,-36523.32935806457,4562382.670641935,2026-01-28T00:00:00,PP_FAC_Act,AUXIA HM ACT COTE,,
EXPORT_PRMP_ADP,2026-01-29T00:00:00,Groupe MH,MHRS,MRS2C,FR0000986531,SELECTION VALEURS MOYENNES,999.64,2026-01-27T00:00:00,P,6580,1,6577631.2,PP,FC_Act_EUR,PP_FAC_Act_EUR_SMC,FR41,5873302,PP_FAC_Act_EUR_SMC,6577631.2,0,M7EM,-0.0079417429619271,6525393.343711249,-52237.85628875159,MHRS AG,Hors mandat MHRS AG,0,-52237.85628875159,6525393.343711249,2026-01-28T00:00:00,PP_FAC_Act,MHRS HM ACTIFS COTE,,
EXPORT_PRMP_ADP,2026-01-29T00:00:00,Groupe MH,MHRS,MRS2C,FR0011441583,LBPAM ISR Opti Euro Equity MH,2532.75,2026-01-27T00:00:00,P,18900,1,47868975,PP,FC_Act_EUR,PP_FAC_Act_EUR_LC,FR41,5873494,PP_FAC_Act_EUR_LC,47868975,0,M7EM,-0.0079417429619271,47488811.90469909,-380163.09530091286,MHRS AG,Hors mandat MHRS AG,0,-380163.09530091286,47488811.90469909,2026-01-28T00:00:00,PP_FAC_Act,MHRS HM ACTIFS COTE,,
EXPORT_PRMP_ADP,2026-01-29T00:00:00,Groupe MH,MHRS,MRS2C,FR0007040365,MH EDRAM HYBRIDES CORPORATE,33805.25,2026-01-27T00:00:00,P,270,1,9127417.5,PP,FC_Taux_HY,PP_FAC_Taux_Corp_HY,XL42,1334621,PP_FAC_Taux_Corp_HY,9127417.5,0,HE00,-0.000194580552558224,9125641.48205942,-1776.0179405808449,MHRS AG,Hors mandat MHRS AG,0,-1776.0179405808449,9125641.48205942,2026-01-28T00:00:00,PP_FAC_Taux,MHRS HM ACTIFS COTE,,
EXPORT_PRMP_ADP,2026-01-29T00:00:00,Groupe MH,MHRS,MRS2C,FR0014010YJ4,LBPAM ISR Actions Focus Euro I2,10528.71,2026-01-27T00:00:00,P,532.21668,1,5603555.08,PP,FC_Act_EUR,,FR41,12771012,PP_FAC_Act_EUR_LC,5603555.08,0,M7EM,-0.0079417429619271,5559053.085881639,-44501.9941183608,MHRS AG,Hors mandat MHRS AG,0,-44501.9941183608,5559053.085881639,2026-01-28T00:00:00,PP_FAC_Act,MHRS HM ACTIFS COTE,,
EXPORT_PRMP_ADP,2026-01-29T00:00:00,Groupe MH,MUTUELLE MH,MMH2C,FR0011034560,EDR FINANCIAL BDS S,1498.63,2026-01-27T00:00:00,P,1184,1,1774377.92,PP,FC_Taux_Autre,PP_FAC_Taux_Corp_HY,FR42,4879142,PP_FAC_Taux_Corp_HY,1774377.92,0,LECPTREU,0.000630639262365374,1775496.9123826262,1118.992382626282,MMH AG,Hors mandat MUTUELLE MH AG,0,1118.992382626282,1775496.9123826262,2026-01-27T00:00:00,PP_FAC_Taux,MHM HM ACTIFS COTE,,
EXPORT_PRMP_ADP,2026-01-29T00:00:00,Groupe MH,MUTUELLE MH,MMH2C,FR001400EBG6,MH Lazard Total Return,1140.52,2026-01-27T00:00:00,P,7395,1,8434145.4,PP,FC_Taux_Autre,PP_FAC_Taux_Autre,FR42,9745480,PP_FAC_Taux_Autre,8434145.4,0,LECPTREU,0.000630639262365374,8439464.303233739,5318.903233738616,MMH AG,Hors mandat MUTUELLE MH AG,0,5318.903233738616,8439464.303233739,2026-01-27T00:00:00,PP_FAC_Taux,MHM HM ACTIFS COTE,,
EXPORT_PRMP_ADP,2026-01-29T00:00:00,Groupe MH,MUTUELLE MH,MMH2C,FR0000986531,SELECTION VALEURS MOYENNES,999.64,2026-01-27T00:00:00,P,8102,1,8099083.28,PP,FC_Act_EUR,PP_FAC_Act_EUR_SMC,FR41,5873302,PP_FAC_Act_EUR_SMC,8099083.28,0,M7EM,-0.0079417429619271,8034762.442362999,-64320.83763700165,MMH AG,Hors mandat MUTUELLE MH AG,0,-64320.83763700165,8034762.442362999,2026-01-28T00:00:00,PP_FAC_Act,MHM HM ACTIFS COTE,,
EXPORT_PRMP_ADP,2026-01-29T00:00:00,Groupe MH,MUTUELLE MH,MMH2C,FR0007022967,LBPAM ACTIONS CROISSANCE EURO M,6737.46,2026-01-27T00:00:00,P,299,1,2014500.54,PP,FC_Act_EUR,PP_FAC_Act_EUR_LC,FR41,5873491,PP_FAC_Act_EUR_LC,2014500.54,0,M7EM,-0.0079417429619271,1998501.8945146569,-15998.645485343179,MMH AG,Hors mandat MUTUELLE MH AG,0,-15998.645485343179,1998501.8945146569,2026-01-28T00:00:00,PP_FAC_Act,MHM HM ACTIFS COTE,,
EXPORT_PRMP_ADP,2026-01-29T00:00:00,Groupe MH,MUTUELLE MH,MMH2C,LU1585264762,TIKEHAU SUBFIN FUND I CAP,224.77,2026-01-27T00:00:00,P,8484,1,1906948.68,PP,FC_Taux_HY,PP_FAC_Taux_Corp_HY,LU49,7240288,PP_FAC_Taux_Corp_HY,1906948.68,0,HE00,-0.000194580552558224,1906577.6248721452,-371.0551278546918,MMH AG,Hors mandat MUTUELLE MH AG,0,-371.0551278546918,1906577.6248721452,2026-01-28T00:00:00,PP_FAC_Taux,MHM HM ACTIFS COTE,,
EXPORT_PRMP_ADP,2026-01-29T00:00:00,Groupe MH,MUTUELLE MH,MMH2C,FR0007053749,OSTRUM SRI CRDT ULTRA SHT PLSS,1754.93,2026-01-27T00:00:00,P,2859,1,5017344.87,PP,FC_Taux_Entr,PP_FAC_Taux_Corp_IG,FR42,8297652,PP_FAC_Taux_Corp_IG,5017344.87,0,LECPTREU,0.000630639262365374,5020509.004667849,3164.134667849168,MMH AG,Hors mandat MUTUELLE MH AG,0,3164.134667849168,5020509.004667849,2026-01-27T00:00:00,PP_FAC_Taux,MHM HM ACTIFS COTE,,
EXPORT_PRMP_ADP,2026-01-29T00:00:00,Groupe MH,MUTUELLE MH,MMH2C,FR0007045950,FEDERIS ISR EURO M,2470.89,2026-01-27T00:00:00,P,1121,1,2769867.69,PP,FC_Act_EUR,PP_FAC_Act_EUR_LC,FR41,5873492,PP_FAC_Act_EUR_LC,2769867.69,0,M7EM,-0.0079417429619271,2747870.1127674733,-21997.577232526615,MMH AG,Hors mandat MUTUELLE MH AG,0,-21997.577232526615,2747870.1127674733,2026-01-28T00:00:00,PP_FAC_Act,MHM HM ACTIFS COTE,,
EXPORT_PRMP_ADP,2026-01-29T00:00:00,Groupe MH,MUTUELLE MH,MMH2C,FR001400CCX3,GEMEQUITY PART MH,147.17,2026-01-27T00:00:00,P,27856,1,4099567.52,PP,FC_Act_Emerg,PP_FAC_Act_Eme,XL41,9588501,PP_FAC_Act_Eme,4099567.52,0,MSDEEEMN,0.0189400004574879,4177213.330704303,77645.81070430297,MMH AG,Hors mandat MUTUELLE MH AG,0,77645.81070430297,4177213.330704303,2026-01-28T00:00:00,PP_FAC_Act,MHM HM ACTIFS COTE,,
EXPORT_PRMP_ADP,2026-01-29T00:00:00,Groupe MH,MUTUELLE MH,MMH2C,FR0007040365,MH EDRAM HYBRIDES CORPORATE,33805.25,2026-01-27T00:00:00,P,56,1,1893094,PP,FC_Taux_HY,PP_FAC_Taux_Corp_HY,XL42,1334621,PP_FAC_Taux_Corp_HY,1893094,0,HE00,-0.000194580552558224,1892725.6407234352,-368.3592765647918,MMH AG,Hors mandat MUTUELLE MH AG,0,-368.3592765647918,1892725.6407234352,2026-01-28T00:00:00,PP_FAC_Taux,MHM HM ACTIFS COTE,,
EXPORT_PRMP_ADP,2026-01-29T00:00:00,Groupe MH,MUTUELLE MH,MMH2C,FR0014003QV0,LBPAM ISR ACTIONS ENVIRON-MH,13714.96,2026-01-27T00:00:00,P,475,1,6514606,PP,FC_Act_EUR,PP_FAC_Act_EUR_LC,FR41,9529463,PP_FAC_Act_EUR_LC,6514606,0,M7EM,-0.0079417429619271,6462868.673649772,-51737.32635022793,MMH AG,Hors mandat MUTUELLE MH AG,0,-51737.32635022793,6462868.673649772,2026-01-28T00:00:00,PP_FAC_Act,MHM HM ACTIFS COTE,,
EXPORT_PRMP_ADP,2026-01-29T00:00:00,Groupe MH,MUTUELLE MH,MMH2C,FR0011441583,LBPAM ISR Opti Euro Equity MH,2532.75,2026-01-27T00:00:00,P,10935,1,27695621.250000004,PP,FC_Act_EUR,PP_FAC_Act_EUR_LC,FR41,5873494,PP_FAC_Act_EUR_LC,27695621.250000004,0,M7EM,-0.0079417429619271,27475669.744861618,-219951.50513838604,MMH AG,Hors mandat MUTUELLE MH AG,0,-219951.50513838604,27475669.744861618,2026-01-28T00:00:00,PP_FAC_Act,MHM HM ACTIFS COTE,,
EXPORT_PRMP_ADP,2026-01-29T00:00:00,Groupe MH,MUTUELLE MH,MMH2C,FR0007057674,FEDERIS ISR ACTIONS US MM,4369.49,2026-01-27T00:00:00,P,295,1,1288999.55,PP,FC_Act_US,PP_FAC_Act_US_LC,FR41,5876542,PP_FAC_Act_US_LC,1288999.55,0,,0,1288999.55,0,MMH AG,Hors mandat MUTUELLE MH AG,0,0,1288999.55,,PP_FAC_Act,MHM HM ACTIFS COTE,,
EXPORT_PRMP_ADP,2026-01-29T00:00:00,Groupe MH,MUTUELLE MH,MMH2C,FR0011304278,TOCQUEVILLE MID CAP EURO ISRMH,3537.62,2026-01-27T00:00:00,P,402,1,1422123.24,PP,FC_Act_EUR,PP_FAC_Act_EUR_SMC,FR41,7240253,PP_FAC_Act_EUR_SMC,1422123.24,0,M7EM,-0.0079417429619271,1410829.1027677371,-11294.137232262874,MMH AG,Hors mandat MUTUELLE MH AG,0,-11294.137232262874,1410829.1027677371,2026-01-28T00:00:00,PP_FAC_Act,MHM HM ACTIFS COTE,,
EXPORT_PRMP_ADP,2026-01-29T00:00:00,Groupe MH,MUTUELLE MH,MMH2C,FR0010590950,OBJECTIF CREDIT FI-C,20086.22,2026-01-27T00:00:00,P,92,1,1847932.24,PP,FC_Taux_Autre,PP_FAC_Taux_Corp_HY,FR42,2956515,PP_FAC_Taux_Corp_HY,1847932.24,0,LECPTREU,0.000630639262365374,1849097.618624735,1165.3786247349344,MMH AG,Hors mandat MUTUELLE MH AG,0,1165.3786247349344,1849097.618624735,2026-01-27T00:00:00,PP_FAC_Taux,MHM HM ACTIFS COTE,,
EXPORT_PRMP_ADP,2026-01-29T00:00:00,Groupe MH,MHRS,MRS2F,FR0000986531,SELECTION VALEURS MOYENNES,999.64,2026-01-27T00:00:00,P,546,1,545803.44,PP,FC_Act_EUR,PP_FAC_Act_EUR_SMC,FR41,5873302,PP_FAC_Act_EUR_SMC,545803.44,0,M7EM,-0.0079417429619271,541468.8093717843,-4334.630628215615,MHRS MICHELIN,Hors mandat MHRS MICHELIN,0,-4334.630628215615,541468.8093717843,2026-01-28T00:00:00,PP_FAC_Act,MHRS MICHELIN HM ACT COTE,,
EXPORT_PRMP_ADP,2026-01-29T00:00:00,Groupe MH,MHRS,MRS2F,FR0007022967,LBPAM ACTIONS CROISSANCE EURO M,6737.46,2026-01-27T00:00:00,P,58,1,390772.68,PP,FC_Act_EUR,PP_FAC_Act_EUR_LC,FR41,5873491,PP_FAC_Act_EUR_LC,390772.68,0,M7EM,-0.0079417429619271,387669.2638188966,-3103.4161811033846,MHRS MICHELIN,Hors mandat MHRS MICHELIN,0,-3103.4161811033846,387669.2638188966,2026-01-28T00:00:00,PP_FAC_Act,MHRS MICHELIN HM ACT COTE,,
EXPORT_PRMP_ADP,2026-01-29T00:00:00,Groupe MH,MHRS,MRS2F,FR0007045950,FEDERIS ISR EURO M,2470.89,2026-01-27T00:00:00,P,1562,1,3859530.18,PP,FC_Act_EUR,PP_FAC_Act_EUR_LC,FR41,5873492,PP_FAC_Act_EUR_LC,3859530.18,0,M7EM,-0.0079417429619271,3828878.78335664,-30651.396643360145,MHRS MICHELIN,Hors mandat MHRS MICHELIN,0,-30651.396643360145,3828878.78335664,2026-01-28T00:00:00,PP_FAC_Act,MHRS MICHELIN HM ACT COTE,,
EXPORT_PRMP_ADP,2026-01-29T00:00:00,Groupe MH,MHRS,MRS2F,FR0011441583,LBPAM ISR Opti Euro Equity MH,2532.75,2026-01-27T00:00:00,P,250,1,633187.5,PP,FC_Act_EUR,PP_FAC_Act_EUR_LC,FR41,5873494,PP_FAC_Act_EUR_LC,633187.5,0,M7EM,-0.0079417429619271,628158.8876282948,-5028.61237170524,MHRS MICHELIN,Hors mandat MHRS MICHELIN,0,-5028.61237170524,628158.8876282948,2026-01-28T00:00:00,PP_FAC_Act,MHRS MICHELIN HM ACT COTE,,
EXPORT_PRMP_ADP,2026-01-29T00:00:00,Groupe MH,MHRS,MRS2F,FR0007057674,FEDERIS ISR ACTIONS US MM,4369.49,2026-01-27T00:00:00,P,208,1,908853.92,PP,FC_Act_US,PP_FAC_Act_US_LC,FR41,5876542,PP_FAC_Act_US_LC,908853.92,0,,0,908853.92,0,MHRS MICHELIN,Hors mandat MHRS MICHELIN,0,0,908853.92,,PP_FAC_Act,MHRS MICHELIN HM ACT COTE,,
EXPORT_PRMP_ADP,2026-01-29T00:00:00,Groupe MH,AUXIA,AUX2E,FR001400IAW6,MH AMUNDI ACTIONS EURO C,1510.42,2026-01-27T00:00:00,P,13278,1000,20055356.76,PP,FC_Act_EUR,PP_FAC_Act_EUR_LC,FR41,10184067,PP_FAC_Act_EUR_LC,20055356.76,0,M7EM,-0.0079417429619271,19896082.271602336,-159274.48839766532,AUXIA AG,Hors mandat AUXIA AG,0,-159274.48839766532,19896082.271602336,2026-01-28T00:00:00,PP_FAC_Act,AUXIA HM ACT COTE,,
EXPORT_PRMP_ADP,2026-01-29T00:00:00,Groupe MH,AUXIA,AUX2E,FR001400IAY2,MH AMUNDI ACTIONS EUROPE EX EURO,1384.14,2026-01-27T00:00:00,P,2489,1000,3445124.46,PP,FC_Act_exEUR,PP_FAC_Act_ExEUR,FR41,10187321,PP_FAC_Act_ExEUR,3445124.46,0,,0,3445124.46,0,AUXIA AG,Hors mandat AUXIA AG,0,0,3445124.46,,PP_FAC_Act,AUXIA HM ACT COTE,,
EXPORT_PRMP_ADP,2026-01-29T00:00:00,Groupe MH,CMAV,CMA2C,FR001400IAX4,MH AMUNDI ACTIONS ASIE PACIFIQUE,1303.58,2026-01-27T00:00:00,P,2100,1000,2737518,PP,FC_Act_AsPac,PP_FAC_Act_Asie,FR41,10230506,PP_FAC_Act_Asie,2737518,0,MSDEPN,-0.00291159223150804,2729547.4638575865,-7970.536142413504,CMAV AG,Hors mandat CMAV AG,0,-7970.536142413504,2729547.4638575865,2026-01-28T00:00:00,PP_FAC_Act,CMAV HM ACT COTE,,
EXPORT_PRMP_ADP,2026-01-29T00:00:00,Groupe MH,CMAV,CMA2C,FR001400IAV8,MH AMUNDI ACTIONS USA C,1513.62,2026-01-27T00:00:00,P,3113,1000,4711899.06,PP,FC_Act_US,PP_FAC_Act_US_LC,FR41,10184109,PP_FAC_Act_US_LC,4711899.06,0,,0,4711899.06,0,CMAV AG,Hors mandat CMAV AG,0,0,4711899.06,,PP_FAC_Act,CMAV HM ACT COTE,,
EXPORT_PRMP_ADP,2026-01-29T00:00:00,Groupe MH,CMAV,CMA2C,FR001400IAW6,MH AMUNDI ACTIONS EURO C,1510.42,2026-01-27T00:00:00,P,5155,1000,7786215.1,PP,FC_Act_EUR,PP_FAC_Act_EUR_LC,FR41,10184067,PP_FAC_Act_EUR_LC,7786215.1,0,M7EM,-0.0079417429619271,7724378.9810295245,-61836.11897047516,CMAV AG,Hors mandat CMAV AG,0,-61836.11897047516,7724378.9810295245,2026-01-28T00:00:00,PP_FAC_Act,CMAV HM ACT COTE,,
EXPORT_PRMP_ADP,2026-01-29T00:00:00,Groupe MH,INPR,INP2C,FR001400IAW6,MH AMUNDI ACTIONS EURO C,1510.42,2026-01-27T00:00:00,P,4140,1000,6253138.8,PP,FC_Act_EUR,PP_FAC_Act_EUR_LC,FR41,10184067,PP_FAC_Act_EUR_LC,6253138.8,0,M7EM,-0.0079417429619271,6203477.978945146,-49660.8210548535,INPR AG,Hors mandat INPR AG,0,-49660.8210548535,6203477.978945146,2026-01-28T00:00:00,PP_FAC_Act,INPR HM ACT COTE,,
EXPORT_PRMP_ADP,2026-01-29T00:00:00,Groupe MH,MHP,MHP2C,FR001400IAV8,MH AMUNDI ACTIONS USA C,1513.62,2026-01-27T00:00:00,P,80245,1000,121460436.89999999,PP,FC_Act_US,PP_FAC_Act_US_LC,FR41,10184109,PP_FAC_Act_US_LC,121460436.89999999,0,,0,121460436.89999999,0,MHP AG,Hors mandat MHP AG,0,0,121460436.89999999,,PP_FAC_Act,MHP HM ACT COTE,,
EXPORT_PRMP_ADP,2026-01-29T00:00:00,Groupe MH,MHP,MHP2C,FR001400IAX4,MH AMUNDI ACTIONS ASIE PACIFIQUE,1303.58,2026-01-27T00:00:00,P,25000,1000,32589500,PP,FC_Act_AsPac,PP_FAC_Act_Asie,FR41,10230506,PP_FAC_Act_Asie,32589500,0,MSDEPN,-0.00291159223150804,32494612.66497127,-94887.33502873033,MHP AG,Hors mandat MHP AG,0,-94887.33502873033,32494612.66497127,2026-01-28T00:00:00,PP_FAC_Act,MHP HM ACT COTE,,
EXPORT_PRMP_ADP,2026-01-29T00:00:00,Groupe MH,MHP,MHP2C,FR001400IAY2,MH AMUNDI ACTIONS EUROPE EX EURO,1384.14,2026-01-27T00:00:00,P,27715,1000,38361440.1,PP,FC_Act_exEUR,PP_FAC_Act_ExEUR,FR41,10187321,PP_FAC_Act_ExEUR,38361440.1,0,,0,38361440.1,0,MHP AG,Hors mandat MHP AG,0,0,38361440.1,,PP_FAC_Act,MHP HM ACT COTE,,
EXPORT_PRMP_ADP,2026-01-29T00:00:00,Groupe MH,MHP,MHP2C,FR001400IAW6,MH AMUNDI ACTIONS EURO C,1510.42,2026-01-27T00:00:00,P,214120,1000,323411130.4,PP,FC_Act_EUR,PP_FAC_Act_EUR_LC,FR41,10184067,PP_FAC_Act_EUR_LC,323411130.4,0,M7EM,-0.0079417429619271,320842682.3313369,-2568448.0686630607,MHP AG,Hors mandat MHP AG,0,-2568448.0686630607,320842682.3313369,2026-01-28T00:00:00,PP_FAC_Act,MHP HM ACT COTE,,
EXPORT_PRMP_ADP,2026-01-29T00:00:00,Groupe MH,MHRS,MRS2C,FR001400IAW6,MH AMUNDI ACTIONS EURO C,1510.42,2026-01-27T00:00:00,P,8830,1000,13337008.6,PP,FC_Act_EUR,PP_FAC_Act_EUR_LC,FR41,10184067,PP_FAC_Act_EUR_LC,13337008.6,0,M7EM,-0.0079417429619271,13231089.50581779,-105919.09418221004,MHRS AG,Hors mandat MHRS AG,0,-105919.09418221004,13231089.50581779,2026-01-28T00:00:00,PP_FAC_Act,MHRS HM ACTIFS COTE,,
EXPORT_PRMP_ADP,2026-01-29T00:00:00,Groupe MH,MUTUELLE MH,MMH2C,FR001400IAV8,MH AMUNDI ACTIONS USA C,1513.62,2026-01-27T00:00:00,P,410,1000,620584.2,PP,FC_Act_US,PP_FAC_Act_US_LC,FR41,10184109,PP_FAC_Act_US_LC,620584.2,0,,0,620584.2,0,MMH AG,Hors mandat MUTUELLE MH AG,0,0,620584.2,,PP_FAC_Act,MHM HM ACTIFS COTE,,
EXPORT_PRMP_ADP,2026-01-29T00:00:00,Groupe MH,MUTUELLE MH,MMH2C,FR001400IAW6,MH AMUNDI ACTIONS EURO C,1510.42,2026-01-27T00:00:00,P,7556,1000,11412733.52,PP,FC_Act_EUR,PP_FAC_Act_EUR_LC,FR41,10184067,PP_FAC_Act_EUR_LC,11412733.52,0,M7EM,-0.0079417429619271,11322096.52389119,-90636.99610880949,MMH AG,Hors mandat MUTUELLE MH AG,0,-90636.99610880949,11322096.52389119,2026-01-28T00:00:00,PP_FAC_Act,MHM HM ACTIFS COTE,,
EXPORT_PRMP_ADP,2026-01-29T00:00:00,Groupe MH,MUTUELLE MH,MMH2C,FR001400IAX4,MH AMUNDI ACTIONS ASIE PACIFIQUE,1303.58,2026-01-27T00:00:00,P,1778,1000,2317765.24,PP,FC_Act_AsPac,PP_FAC_Act_Asie,FR41,10230506,PP_FAC_Act_Asie,2317765.24,0,MSDEPN,-0.00291159223150804,2311016.8527327566,-6748.387267243583,MMH AG,Hors mandat MUTUELLE MH AG,0,-6748.387267243583,2311016.8527327566,2026-01-28T00:00:00,PP_FAC_Act,MHM HM ACTIFS COTE,,
EXPORT_PRMP_ADP,2026-01-29T00:00:00,Groupe MH,MUTUELLE MH,MMH2C,FR001400IAY2,MH AMUNDI ACTIONS EUROPE EX EURO,1384.14,2026-01-27T00:00:00,P,2415,1000,3342698.1,PP,FC_Act_exEUR,PP_FAC_Act_ExEUR,FR41,10187321,PP_FAC_Act_ExEUR,3342698.1,0,,0,3342698.1,0,MMH AG,Hors mandat MUTUELLE MH AG,0,0,3342698.1,,PP_FAC_Act,MHM HM ACTIFS COTE,,
EXPORT_PRMP_ADP,2026-01-29T00:00:00,Groupe MH,AUXIA,AUX2A,FR0011662014,MM STRATIC,23547.98,2025-12-29T00:00:00,P,228,1,5368939.44,PP,FC_Div,PP_FAC_Act_EUR_MULTI,XL44,4622726,PP_FAC_Act_EUR_MULTI,5368939.44,0,,0,5368939.44,0,AUXIA AG,Hors mandat AUXIA AG,0,0,5368939.44,,PP_FAC_Act,AUXIA HM ACT NC,,
EXPORT_PRMP_ADP,2026-01-29T00:00:00,Groupe MH,AUXIA,AUX2E,FR0010752865,COVEA PROFIL DYNAMIQUE D,119.92,2026-01-26T00:00:00,P,4224.5429,1,506607.18,PP,FC_Div,PP_FAC_Act_EUR_LC,FR41,8466180,PP_FAC_Act_EUR_LC,506607.18,0,,0,506607.18,0,AUXIA AG,Hors mandat AUXIA AG,0,0,506607.18,,PP_FAC_Act,AUXIA HM ACT COTE,,
EXPORT_PRMP_ADP,2026-01-29T00:00:00,Groupe MH,AUXIA,AUX2E,LU1956164344,BNPP Rspnb US Mlt-Fac Eq I EUR Acc,226.43,2026-01-28T00:00:00,P,18400,1,4166312,PP,FC_Act_US,,LU41,11976073,PP_FAC_Act_EUR_LC,4166312,0,,0,4166312,0,AUXIA AG,Hors mandat AUXIA AG,0,0,4166312,,PP_FAC_Act,AUXIA HM ACT COTE,,
EXPORT_PRMP_ADP,2026-01-29T00:00:00,Groupe MH,AUXIA,AUX2E,FR0010831693,Ostrum SRI Cash Plus I C EUR,111258.92,2026-01-28T00:00:00,P,497.6,1,55362438.589999996,PP,FC_Mon,PP_Mon_Fonds,FR43,4284156,PP_Mon_Fonds,55362438.589999996,0,Monetaire,0,55362438.589999996,0,AUXIA AG,Hors mandat AUXIA AG,0,0,55362438.589999996,,PP_Mon_Fonds,AUXIA HM ACT COTE,,
EXPORT_PRMP_ADP,2026-01-29T00:00:00,Groupe MH,AUXIA,AUX2E,IE00B4WXJJ64,ISHARES CORE EUR GVT (GER),109.825,2026-01-28T00:00:00,P,150000,1,16473750,PP,FC_Taux_Souv,PP_FAC_Taux_Gov,GB42,5030921,PP_FAC_Taux_Gov,16473750,0,,0,16473750,0,AUXIA AG,Hors mandat AUXIA AG,0,0,16473750,,PP_FAC_Taux,AUXIA HM ACT COTE,,
EXPORT_PRMP_ADP,2026-01-29T00:00:00,Groupe MH,AUXIA ASSISTANCE,AAS2E,FR0010831693,Ostrum SRI Cash Plus I C EUR,111258.92,2026-01-28T00:00:00,P,2,1,222517.84,PP,FC_Mon,PP_Mon_Fonds,FR43,4284156,PP_Mon_Fonds,222517.84,0,Monetaire,0,222517.84,0,AUXIA ASS,Hors mandat AUXIA ASSISTANCE,0,0,222517.84,,PP_Mon_Fonds,AUXIA ASS HM ACT COTE,,
EXPORT_PRMP_ADP,2026-01-29T00:00:00,Groupe MH,AUXIA,AUX2D,FR0011312859,TESTAMENT OBSEQUES FINANCEMENT II,133.19,2026-01-23T00:00:00,P,345277.204375933,1,45987470.85,PP,FC_Taux_Infl,PP_FAC_Taux_Infl,FR42,3813610,PP_FAC_Taux_Infl,45987470.85,0,LF94TRUU,0.00259931542892338,46107006.79251757,119535.94251757115,AUXIA AG,Hors mandat AUXIA AG,0,119535.94251757115,46107006.79251757,2026-01-27T00:00:00,PP_FAC_Taux,AUXIA HM ACT PIV UC,,
EXPORT_PRMP_ADP,2026-01-29T00:00:00,Groupe MH,AUXIA,AUX2D,FR0010990093,TESTAMENT OBSEQUES FINANCEMENT,136.72,2026-01-23T00:00:00,P,139427.4806,100,19062525.15,PP,FC_Taux_Infl,PP_FAC_Taux_Infl,FR42,3215199,PP_FAC_Taux_Infl,19062525.15,0,LF94TRUU,0.00259931542892338,19112074.665736634,49549.515736635774,AUXIA AG,Hors mandat AUXIA AG,0,49549.515736635774,19112074.665736634,2026-01-27T00:00:00,PP_FAC_Taux,AUXIA HM ACT PIV UC,,
EXPORT_PRMP_ADP,2026-01-29T00:00:00,Groupe MH,CMAV,CMA2C,FR0011662014,MM STRATIC,23547.98,2025-12-29T00:00:00,P,289,1,6805366.22,PP,FC_Div,PP_FAC_Act_EUR_MULTI,XL44,4622726,PP_FAC_Act_EUR_MULTI,6805366.22,0,,0,6805366.22,0,CMAV AG,Hors mandat CMAV AG,0,0,6805366.22,,PP_FAC_Act,CMAV HM ACT COTE,,
EXPORT_PRMP_ADP,2026-01-29T00:00:00,Groupe MH,CMAV,CMA2C,FR0011527944,LBPAM SLECTION PRO RENDGLBLMH,1220.05,2026-01-26T00:00:00,P,3010,1,3672350.5,PP,FC_Taux_Entr,PP_FAC_Taux_Corp_IG,FR42,7240232,PP_FAC_Taux_Corp_IG,3672350.5,0,LECPTREU,0.000630639262365374,3674666.428410467,2315.928410467226,CMAV AG,Hors mandat CMAV AG,0,2315.928410467226,3674666.428410467,2026-01-27T00:00:00,PP_FAC_Taux,CMAV HM ACT COTE,,
EXPORT_PRMP_ADP,2026-01-29T00:00:00,Groupe MH,CMAV,CMA2C,FR0010831693,Ostrum SRI Cash Plus I C EUR,111258.92,2026-01-28T00:00:00,P,135.35,1,15058894.82,PP,FC_Mon,PP_Mon_Fonds,FR43,4284156,PP_Mon_Fonds,15058894.82,0,Monetaire,0,15058894.82,0,CMAV AG,Hors mandat CMAV AG,0,0,15058894.82,,PP_Mon_Fonds,CMAV HM ACT COTE,,
EXPORT_PRMP_ADP,2026-01-29T00:00:00,Groupe MH,EMUT,EMU2A,FR0011527944,LBPAM SLECTION PRO RENDGLBLMH,1213.8,2026-01-26T00:00:00,P,289,1,350788.2,PP,FC_Taux_Entr,PP_FAC_Taux_Corp_IG,FR42,7240232,PP_FAC_Taux_Corp_IG,350788.2,0,LECPTREU,0.000630639262365374,351009.4208116945,221.2208116945112,EMUT AG,Hors mandat EMUT AG,0,221.2208116945112,351009.4208116945,2026-01-27T00:00:00,PP_FAC_Taux,EMUT HORS MDT COTE,,
EXPORT_PRMP_ADP,2026-01-29T00:00:00,Groupe MH,EMUT,EMU2A,FR0010831693,Ostrum SRI Cash Plus I C EUR,111077.06,2026-01-28T00:00:00,P,2,1,222154.12,PP,FC_Mon,PP_Mon_Fonds,FR43,4284156,PP_Mon_Fonds,222154.12,0,Monetaire,0,222154.12,0,EMUT AG,Hors mandat EMUT AG,0,0,222154.12,,PP_Mon_Fonds,EMUT HORS MDT COTE,,
EXPORT_PRMP_ADP,2026-01-29T00:00:00,Groupe MH,INPR,INP2C,FR0007484142,CLICHY PREMIERE,4837.5,2026-01-23T00:00:00,P,5375,1,26001562.5,PP,FC_Taux_Entr,PP_FAC_Taux_Corp_IG,FR42,8468411,PP_FAC_Taux_Corp_IG,26001562.5,0,LECPTREU,0.000630639262365374,26017960.10619535,16397.606195349246,INPR AG,Hors mandat INPR AG,0,16397.606195349246,26017960.10619535,2026-01-27T00:00:00,PP_FAC_Taux,INPR HM ACT COTE,,
EXPORT_PRMP_ADP,2026-01-29T00:00:00,Groupe MH,INPR,INP2C,FR0010831693,Ostrum SRI Cash Plus I C EUR,111258.92,2026-01-28T00:00:00,P,244.3,1,27180554.16,PP,FC_Mon,PP_Mon_Fonds,FR43,4284156,PP_Mon_Fonds,27180554.16,0,Monetaire,0,27180554.16,0,INPR AG,Hors mandat INPR AG,0,0,27180554.16,,PP_Mon_Fonds,INPR HM ACT COTE,,
EXPORT_PRMP_ADP,2026-01-29T00:00:00,Groupe MH,INPR,INP2C,FR0007442041,UBS MM FRA ACT,12663.03,2026-01-23T00:00:00,P,2053,1,25997200.59,PP,FC_Act_EUR,PP_FAC_Act_EUR_LC,FR41,8615533,PP_FAC_Act_EUR_LC,25997200.59,0,M7EM,-0.0079417429619271,25790737.50518456,-206463.08481543884,INPR AG,Hors mandat INPR AG,0,-206463.08481543884,25790737.50518456,2026-01-28T00:00:00,PP_FAC_Act,INPR HM ACT COTE,,
EXPORT_PRMP_ADP,2026-01-29T00:00:00,Groupe MH,MHP,MHP1R,FR0010831693,Ostrum SRI Cash Plus I C EUR,111258.92,2026-01-28T00:00:00,P,52,1,5785463.84,PP,FC_Mon,PP_Mon_Fonds,FR43,4284156,PP_Mon_Fonds,5785463.84,0,Monetaire,0,5785463.84,0,MHP PERE,Mandats LBPAM MHP PERE,0,0,5785463.84,,PP_Mon_Fonds,MHP PERE HM ACT COTE,,
EXPORT_PRMP_ADP,2026-01-29T00:00:00,Groupe MH,MHP,MHP2B,BRED,BRED BANQUE POPULAIR,10.7,2025-12-17T00:00:00,P,974103,1,10422902.1,PP,Act_Cot_EUR,PP_FAC_Act_EUR_SMC,FR31,8979820,PP_FAC_Act_EUR_SMC,10422902.1,0,,0,10422902.1,0,MHP AG,Hors mandat MHP AG,0,0,10422902.1,,PP_FAC_Act,MHP HM ACT NC,,
EXPORT_PRMP_ADP,2026-01-29T00:00:00,Groupe MH,MHP,MHP2C,FR0010831693,Ostrum SRI Cash Plus I C EUR,111258.92,2026-01-28T00:00:00,P,2289.5,1,254727297.34,PP,FC_Mon,PP_Mon_Fonds,FR43,4284156,PP_Mon_Fonds,254727297.34,0,Monetaire,0,254727297.34,0,MHP AG,Hors mandat MHP AG,0,0,254727297.34,,PP_Mon_Fonds,MHP HM ACT COTE,,
EXPORT_PRMP_ADP,2026-01-29T00:00:00,Groupe MH,MHP,MHP2C,FR0011662014,MM STRATIC,23547.98,2025-12-29T00:00:00,P,4506,1,106107197.88000001,PP,FC_Div,PP_FAC_Act_EUR_MULTI,XL44,4622726,PP_FAC_Act_EUR_MULTI,106107197.88000001,0,,0,106107197.88000001,0,MHP AG,Hors mandat MHP AG,0,0,106107197.88000001,,PP_FAC_Act,MHP HM ACT COTE,,
EXPORT_PRMP_ADP,2026-01-29T00:00:00,Groupe MH,MHP,MHP2C,LU1082505428,SCOR ILS FUND ATROPOS IC EUR H,1494.76,2025-12-31T00:00:00,P,47442.381,1,70914973.42,PP,FC_Alter_Autre,PP_FAC_Taux_Autre,LU46,8467265,PP_FAC_Taux_Autre,70914973.42,0,,0,70914973.42,0,MHP AG,Hors mandat MHP AG,0,0,70914973.42,,PP_FAC_Taux,MHP HM ACT COTE,,
EXPORT_PRMP_ADP,2026-01-29T00:00:00,Groupe MH,MHP,MHP2C,LU0104884605,PICTET WATER-I,632.64,2026-01-28T00:00:00,P,33430,1,21149155.2,PP,FC_Act_EUR,PP_FAC_Act_Global,LU44,1167622,PP_FAC_Act_Global,21149155.2,0,M7EM,-0.0079417429619271,20981194.045539696,-167961.15446030349,MHP AG,Hors mandat MHP AG,0,-167961.15446030349,20981194.045539696,2026-01-28T00:00:00,PP_FAC_Act,MHP HM ACT COTE,,
EXPORT_PRMP_ADP,2026-01-29T00:00:00,Groupe MH,MHP,MHP2C,FR001400EC14,SIENNA COURT TERME - FS-C,110.7567,2026-01-26T00:00:00,P,0.06698999999207444,100,7.42,PP,FC_Taux_Autre,PP_FAC_Taux_Corp_IG,FR42,9708308,PP_FAC_Taux_Corp_IG,7.42,0,LECPTREU,0.000630639262365374,7.424679343326751,0.004679343326751351,MHP AG,Hors mandat MHP AG,0,0.004679343326751351,7.424679343326751,2026-01-27T00:00:00,PP_FAC_Taux,MHP HM ACT COTE,,
EXPORT_PRMP_ADP,2026-01-29T00:00:00,Groupe MH,MHRS,MRS2C,FR0010831693,Ostrum SRI Cash Plus I C EUR,111258.92,2026-01-28T00:00:00,P,296.5,1,32988269.78,PP,FC_Mon,PP_Mon_Fonds,FR43,4284156,PP_Mon_Fonds,32988269.78,0,Monetaire,0,32988269.78,0,MHRS AG,Hors mandat MHRS AG,0,0,32988269.78,,PP_Mon_Fonds,MHRS HM ACTIFS COTE,,
EXPORT_PRMP_ADP,2026-01-29T00:00:00,Groupe MH,MHRS,MRS2C,FR0011662014,MM STRATIC,23547.98,2025-12-29T00:00:00,P,374,1,8806944.52,PP,FC_Div,PP_FAC_Act_EUR_MULTI,XL44,4622726,PP_FAC_Act_EUR_MULTI,8806944.52,0,,0,8806944.52,0,MHRS AG,Hors mandat MHRS AG,0,0,8806944.52,,PP_FAC_Act,MHRS HM ACTIFS COTE,,
EXPORT_PRMP_ADP,2026-01-29T00:00:00,Groupe MH,MHRS,MRS2C,FR0014006K51,BNP 12/31 0004,0.9815,2026-01-28T00:00:00,%,3383000,1000,3320414.5,PA,Obl_Entr_Sub_Stru,PA_Obl_Struct,NL54,8800121,PA_Obl_Struct,3320414.5,0,,0,3320414.5,0,MHRS AG,Hors mandat MHRS AG,0,0,3320414.5,,PA_Obl_Struct,MHRS HM ACTIFS COTE,,
EXPORT_PRMP_ADP,2026-01-29T00:00:00,Groupe MH,MUTUELLE MH,MMH2C,FR0011662014,MM STRATIC,23547.98,2025-12-29T00:00:00,P,414,1,9748863.72,PP,FC_Div,PP_FAC_Act_EUR_MULTI,XL44,4622726,PP_FAC_Act_EUR_MULTI,9748863.72,0,,0,9748863.72,0,MMH AG,Hors mandat MUTUELLE MH AG,0,0,9748863.72,,PP_FAC_Act,MHM HM ACTIFS COTE,,
EXPORT_PRMP_ADP,2026-01-29T00:00:00,Groupe MH,MUTUELLE MH,MMH2C,LU1105449521,AWF GL CNVRTBLS I EUR PF C,150.49,2026-01-28T00:00:00,P,15124,1,2276010.76,PP,FC_Conv_Monde,PP_FAC_Conv_Global,LU42,7240282,PP_FAC_Conv_Global,2276010.76,0,UCBIFX13,0.0107711057676473,2300525.912624263,24515.152624263428,MMH AG,Hors mandat MUTUELLE MH AG,0,24515.152624263428,2300525.912624263,2026-01-27T00:00:00,PP_FAC_Conv,MHM HM ACTIFS COTE,,
EXPORT_PRMP_ADP,2026-01-29T00:00:00,Groupe MH,MUTUELLE MH,MMH2C,LU1956164344,BNPP Rspnb US Mlt-Fac Eq I EUR Acc,226.43,2026-01-28T00:00:00,P,20102,1,4551695.86,PP,FC_Act_US,,LU41,11976073,PP_FAC_Act_EUR_LC,4551695.86,0,,0,4551695.86,0,MMH AG,Hors mandat MUTUELLE MH AG,0,0,4551695.86,,PP_FAC_Act,MHM HM ACTIFS COTE,,
EXPORT_PRMP_ADP,2026-01-29T00:00:00,Groupe MH,MUTUELLE MH,MMH2C,FR0010831693,Ostrum SRI Cash Plus I C EUR,111258.92,2026-01-28T00:00:00,P,32.5,1,3615914.9,PP,FC_Mon,PP_Mon_Fonds,FR43,4284156,PP_Mon_Fonds,3615914.9,0,Monetaire,0,3615914.9,0,MMH AG,Hors mandat MUTUELLE MH AG,0,0,3615914.9,,PP_Mon_Fonds,MHM HM ACTIFS COTE,,
EXPORT_PRMP_ADP,2026-01-29T00:00:00,Groupe MH,MHRS,MRS2F,FR0010831693,Ostrum SRI Cash Plus I C EUR,111258.92,2026-01-28T00:00:00,P,9,1,1001330.28,PP,FC_Mon,PP_Mon_Fonds,FR43,4284156,PP_Mon_Fonds,1001330.28,0,Monetaire,0,1001330.28,0,MHRS MICHELIN,Hors mandat MHRS MICHELIN,0,0,1001330.28,,PP_Mon_Fonds,MHRS MICHELIN HM ACT COTE,,
EXPORT_PRMP_ADP,2026-01-29T00:00:00,Groupe MH,AUXIA,AUX2E,FR0013423555,PRATIC AUXIA,639.52,2026-01-27T00:00:00,P,80553,1,51515254.56,PP,FC_Div,PP_FAC_DIV_PRATIC,FR44,8615538,PP_FAC_DIV_PRATIC,51515254.56,0,,0,51515254.56,0,AUXIA AG,Hors mandat AUXIA AG,363067.96589304315,363067.96589304315,51878322.52589305,,PP_FAC_DIV,AUXIA HM ACT COTE,,
EXPORT_PRMP_ADP,2026-01-29T00:00:00,Groupe MH,CMAV,CMA2C,FR0013423548,PRATIC CMAV,1004.44,2026-01-27T00:00:00,P,13375,1,13434385,PP,FC_Div,PP_FAC_DIV_PRATIC,FR44,8615537,PP_FAC_DIV_PRATIC,13434385,0,,0,13434385,0,CMAV AG,Hors mandat CMAV AG,39612.68518425779,39612.68518425779,13473997.685184257,,PP_FAC_DIV,CMAV HM ACT COTE,,
EXPORT_PRMP_ADP,2026-01-29T00:00:00,Groupe MH,INPR,INP2C,FR0007443544,PRATIC INPR,4574,2026-01-27T00:00:00,P,7247,1,33147778,PP,FC_Div,PP_FAC_DIV_PRATIC,FR42,8615534,PP_FAC_DIV_PRATIC,33147778,0,,0,33147778,0,INPR AG,Hors mandat INPR AG,358565.3572017566,358565.3572017566,33506343.357201755,,PP_FAC_DIV,INPR HM ACT COTE,,
EXPORT_PRMP_ADP,2026-01-29T00:00:00,Groupe MH,MHP,MHP2C,FR0010251082,PRATIC MHP,833.4,2026-01-27T00:00:00,P,536781,1,447353285.40000004,PP,FC_Div,PP_FAC_DIV_PRATIC,FR44,4622712,PP_FAC_DIV_PRATIC,447353285.40000004,0,,0,447353285.40000004,0,MHP AG,Hors mandat MHP AG,5798656.267083391,5798656.267083391,453151941.66708344,,PP_FAC_DIV,MHP HM ACT COTE,,
EXPORT_PRMP_ADP,2026-01-29T00:00:00,Groupe MH,MHRS,MRS2C,FR0010404731,PRATIC RS,529.85,2026-01-27T00:00:00,P,68817,1,36462687.45,PP,FC_Div,PP_FAC_DIV_PRATIC,FR44,4622713,PP_FAC_DIV_PRATIC,36462687.45,0,,0,36462687.45,0,MHRS AG,Hors mandat MHRS AG,550661.3243578336,550661.3243578336,37013348.77435783,,PP_FAC_DIV,MHRS HM ACTIFS COTE,,
EXPORT_PRMP_ADP,2026-01-29T00:00:00,Groupe MH,MUTUELLE MH,MMH2C,FR0013423530,PRATIC MUTUEL,1185.13,2026-01-27T00:00:00,P,18467,1,21885795.71,PP,FC_Div,PP_FAC_DIV_PRATIC,FR44,8615536,PP_FAC_DIV_PRATIC,21885795.71,0,,0,21885795.71,0,MMH AG,Hors mandat MUTUELLE MH AG,82778.15971834827,82778.15971834827,21968573.86971835,,PP_FAC_DIV,MHM HM ACTIFS COTE,,
EXPORT_PRMP_ADP,2026-01-29T00:00:00,Groupe MH,QUATREM,QUA1B,FR0000009987,UNION PLUS,207953.21,2026-01-28T00:00:00,P,6.4,1,1330900.54,PP,FC_Mon,PP_Mon_Fonds,FR43,5080831,PP_Mon_Fonds,1329749.568,1150.972000000067,Monetaire,0,1330900.54,1150.972000000067,QUATREM AG,Mandats OSTRUM QUATREM AG,0,1150.972000000067,1330900.54,,PP_Mon_Fonds,QUATREM MDT OSTRUM PA,1329749.568,1329749.568
EXPORT_PRMP_ADP,2026-01-29T00:00:00,Groupe MH,QUATREM,QUA2B,FR0010106849,BNP INDICE FRANCE ESG CL D,436.33,2026-01-26T00:00:00,P,386.1,1,168467.01,PP,FC_Act_EUR,PP_FAC_Act_EUR_LC,FR41,8466172,PP_FAC_Act_EUR_LC,104452.65988470001,64014.350115299996,M7EM,-0.0079417429619271,167129.0883090156,62676.4284243156,QUATREM AG,Hors mandat QUATREM AG,0,62676.4284243156,167129.0883090156,2026-01-28T00:00:00,PP_FAC_Act,QUATREM HM ACT NC,104452.65988470001,104452.65988470001
EXPORT_PRMP_ADP,2026-01-29T00:00:00,Groupe MH,QUATREM,QUA2B,FR0000009987,UNION PLUS,207953.21,2026-01-28T00:00:00,P,88,1,18299882.48,PP,FC_Mon,PP_Mon_Fonds,FR43,5080831,PP_Mon_Fonds,13905748.069999998,4394134.410000002,Monetaire,0,18299882.48,4394134.410000002,QUATREM AG,Hors mandat QUATREM AG,0,4394134.410000002,18299882.48,,PP_Mon_Fonds,QUATREM HM ACT NC,13905748.069999998,13905748.069999998
EXPORT_PRMP_ADP,2026-01-29T00:00:00,Groupe MH,QUATREM,QUA2A,FR0010831693,Ostrum SRI Cash Plus I C EUR,111258.92,2026-01-28T00:00:00,P,768.8499999999999,1,85541420.64,PP,FC_Mon,PP_Mon_Fonds,FR43,4284156,PP_Mon_Fonds,85473593.9899412,67826.65005880594,Monetaire,0,85541420.64,67826.65005880594,QUATREM AG,Hors mandat QUATREM AG,0,67826.65005880594,85541420.64,,PP_Mon_Fonds,QUATREM HM ACT COTE,85473593.9899412,85473593.9899412
EXPORT_PRMP_ADP,2026-01-29T00:00:00,Groupe MH,QUATREM,QUA2A,FR001400IAY2,MH AMUNDI ACTIONS EUROPE EX EURO,1384.14,2026-01-27T00:00:00,P,14780,1000,20457589.2,PP,FC_Act_exEUR,PP_FAC_Act_ExEUR,FR41,10187321,PP_FAC_Act_ExEUR,14855524,5602065.199999999,,0,20457589.2,5602065.199999999,QUATREM AG,Hors mandat QUATREM AG,0,5602065.199999999,20457589.2,,PP_FAC_Act,QUATREM HM ACT COTE,14855524,14855524
EXPORT_PRMP_ADP,2026-01-29T00:00:00,Groupe MH,QUATREM,QUA2A,LU0970532437,LFAM MULTI OBLIG I CAP,1158.26,2026-01-27T00:00:00,P,0.0019999999999527063,1,2.32,PP,FC_Taux_Souv,PP_FAC_Taux_Gov,LU42,4564784,PP_FAC_Taux_Gov,2.44,-0.1200000000000001,,0,2.32,-0.1200000000000001,QUATREM AG,Hors mandat QUATREM AG,0,-0.1200000000000001,2.32,,PP_FAC_Taux,QUATREM HM ACT COTE,2.44,2.44
EXPORT_PRMP_ADP,2026-01-29T00:00:00,Groupe MH,QUATREM,QUA2A,FR0010708453,CENTRAL VALOR SP FCP,0.03,2024-03-28T00:00:00,P,14340,1,430.2,PP,FC_Div,PP_FAC_DIV_Autres,FR46,8615535,PP_FAC_DIV_Autres,458.88,-28.680000000000007,,0,430.2,-28.680000000000007,QUATREM AG,Hors mandat QUATREM AG,0,-28.680000000000007,430.2,,PP_FAC_DIV,QUATREM HM ACT COTE,458.88,458.88
EXPORT_PRMP_ADP,2026-01-29T00:00:00,Groupe MH,QUATREM,QUA2A,LU0945150927,AF IMP EUR CORP SHT TERM GREEN BD,1107.78,2026-01-28T00:00:00,P,10404,1000,11525343.12,PP,FC_Taux_Entr,PP_FAC_Taux_Corp_IG,LU42,4498626,PP_FAC_Taux_Corp_IG,10217976.479999999,1307366.6400000006,LECPTREU,0.000630639262365374,11532611.453883704,1314634.9738837052,QUATREM AG,Hors mandat QUATREM AG,0,1314634.9738837052,11532611.453883704,2026-01-27T00:00:00,PP_FAC_Taux,QUATREM HM ACT COTE,10217976.479999999,10217976.479999999
EXPORT_PRMP_ADP,2026-01-29T00:00:00,Groupe MH,QUATREM,QUA2A,FR0007044532,PRATIC QUATREM,15.59,2026-01-27T00:00:00,P,14980039.999999998,1,233538823.6,PP,FC_Div,PP_FAC_DIV_PRATIC,FR44,4622704,PP_FAC_DIV_PRATIC,242976248.79999998,-9437425.199999988,,0,233538823.6,-9437425.199999988,QUATREM AG,Hors mandat QUATREM AG,1959939.718941334,-7477485.481058654,235498763.31894132,,PP_FAC_DIV,QUATREM HM ACT COTE,242976248.79999998,242976248.79999998
EXPORT_PRMP_ADP,2026-01-29T00:00:00,Groupe MH,QUATREM,QUA2A,XS1996470917,BNP 08/29 0001,1.0116,2025-12-31T00:00:00,%,2500000,100000,2529000,PP,Obl_Entr_Sub_Stru,PA_Obl_Struct,FR59,9946841,PA_Obl_Struct,2506865.29,22134.709999999963,,0,2529000,22134.709999999963,QUATREM AG,Hors mandat QUATREM AG,0,22134.709999999963,2529000,,PA_Obl_Struct,QUATREM HM ACT COTE,2519300,2506865.29
EXPORT_PRMP_ADP,2026-01-29T00:00:00,Groupe MH,QUATREM,QUA2A,FR001400IAW6,MH AMUNDI ACTIONS EURO C,1510.42,2026-01-27T00:00:00,P,118486,1000,178963624.12,PP,FC_Act_EUR,PP_FAC_Act_EUR_LC,FR41,10184067,PP_FAC_Act_EUR_LC,121812487.86999999,57151136.250000015,M7EM,-0.0079417429619271,177542341.01770404,55729853.14770405,QUATREM AG,Hors mandat QUATREM AG,0,55729853.14770405,177542341.01770404,2026-01-28T00:00:00,PP_FAC_Act,QUATREM HM ACT COTE,121812487.86999999,121812487.86999999
EXPORT_PRMP_ADP,2026-01-29T00:00:00,Groupe MH,QUATREM,QUA2A,FR0011034560,EDR FINANCIAL BDS S,1498.63,2026-01-27T00:00:00,P,10494.819,1,15727850.6,PP,FC_Taux_Autre,PP_FAC_Taux_Corp_HY,FR42,4879142,PP_FAC_Taux_Corp_HY,10410497.400865804,5317353.199134195,LECPTREU,0.000630639262365374,15737769.200100977,5327271.799235173,QUATREM AG,Hors mandat QUATREM AG,0,5327271.799235173,15737769.200100977,2026-01-27T00:00:00,PP_FAC_Taux,QUATREM HM ACT COTE,10410497.400865804,10410497.400865804
EXPORT_PRMP_ADP,2026-01-29T00:00:00,Groupe MH,QUATREM,QUA2A,FR001400IAV8,MH AMUNDI ACTIONS USA C,1513.62,2026-01-27T00:00:00,P,16523,1000,25009543.26,PP,FC_Act_US,PP_FAC_Act_US_LC,FR41,10184109,PP_FAC_Act_US_LC,16603232.9,8406310.360000001,,0,25009543.26,8406310.360000001,QUATREM AG,Hors mandat QUATREM AG,0,8406310.360000001,25009543.26,,PP_FAC_Act,QUATREM HM ACT COTE,16603232.9,16603232.9
EXPORT_PRMP_ADP,2026-01-29T00:00:00,Groupe MH,QUATREM,QUA2A,FR001400IAX4,MH AMUNDI ACTIONS ASIE PACIFIQUE,1303.58,2026-01-27T00:00:00,P,3439,1000,4483011.62,PP,FC_Act_AsPac,PP_FAC_Act_Asie,FR41,10230506,PP_FAC_Act_Asie,3381610.33,1101401.29,MSDEPN,-0.00291159223150804,4469958.918193447,1088348.5881934473,QUATREM AG,Hors mandat QUATREM AG,0,1088348.5881934473,4469958.918193447,2026-01-28T00:00:00,PP_FAC_Act,QUATREM HM ACT COTE,3381610.33,3381610.33
EXPORT_PRMP_ADP,2026-01-29T00:00:00,Groupe MH,QUATREM,QUA2A,FR0010590950,OBJECTIF CREDIT FI-C,20086.22,2026-01-27T00:00:00,P,468.382,1,9408023.9,PP,FC_Taux_Autre,PP_FAC_Taux_Corp_HY,FR42,2956515,PP_FAC_Taux_Corp_HY,6110803.439816754,3297220.460183246,LECPTREU,0.000630639262365374,9413956.969252612,3303153.529435858,QUATREM AG,Hors mandat QUATREM AG,0,3303153.529435858,9413956.969252612,2026-01-27T00:00:00,PP_FAC_Taux,QUATREM HM ACT COTE,6110803.439816754,6110803.439816754
EXPORT_PRMP_ADP,2026-01-29T00:00:00,Groupe MH,QUATREM,QUA2A,FR0007021936,FEDERIS ISR FRANCE MH,468.76,2026-01-27T00:00:00,P,104300,1,48891668,PP,FC_Act_EUR,PP_FAC_Act_EUR_LC,FR41,5873258,PP_FAC_Act_EUR_LC,19871568.76,29020099.24,M7EM,-0.0079417429619271,48503382.93976413,28631814.179764125,QUATREM AG,Hors mandat QUATREM AG,0,28631814.179764125,48503382.93976413,2026-01-28T00:00:00,PP_FAC_Act,QUATREM HM ACT COTE,19871568.76,19871568.76
EXPORT_PRMP_ADP,2026-01-29T00:00:00,Groupe MH,QUATREM,QUA2A,FR0007045950,FEDERIS ISR EURO M,2470.89,2026-01-27T00:00:00,P,10373,1,25630541.97,PP,FC_Act_EUR,PP_FAC_Act_EUR_LC,FR41,5873492,PP_FAC_Act_EUR_LC,12305904.819999998,13324637.15,M7EM,-0.0079417429619271,25426990.793699376,13121085.973699378,QUATREM AG,Hors mandat QUATREM AG,0,13121085.973699378,25426990.793699376,2026-01-28T00:00:00,PP_FAC_Act,QUATREM HM ACT COTE,12305904.819999998,12305904.819999998
EXPORT_PRMP_ADP,2026-01-29T00:00:00,Groupe MH,QUATREM,QUA2A,FR0011441583,LBPAM ISR Opti Euro Equity MH,2532.75,2026-01-27T00:00:00,P,105623,1,267516653.25,PP,FC_Act_EUR,PP_FAC_Act_EUR_LC,FR41,5873494,PP_FAC_Act_EUR_LC,119171160.15,148345493.1,M7EM,-0.0079417429619271,265392104.75185353,146220944.60185352,QUATREM AG,Hors mandat QUATREM AG,0,146220944.60185352,265392104.75185353,2026-01-28T00:00:00,PP_FAC_Act,QUATREM HM ACT COTE,119171160.15,119171160.15
EXPORT_PRMP_ADP,2026-01-29T00:00:00,Groupe MH,QUATREM,QUA2A,FR001400MAX6,MH Lazard Diversifi�,1160.54,2026-01-27T00:00:00,P,63200,1,73346128,PP,FC_Div,PP_FAC_DIV_Autres,FR44,10831093,PP_FAC_DIV_Autres,64177988,9168140,,0,73346128,9168140,QUATREM AG,Hors mandat QUATREM AG,0,9168140,73346128,,PP_FAC_DIV,QUATREM HM ACT COTE,64177988,64177988
EXPORT_PRMP_ADP,2026-01-29T00:00:00,Groupe MH,QUATREM,QUA2A,LU1585264762,TIKEHAU SUBFIN FUND I CAP,224.77,2026-01-27T00:00:00,P,95207,1,21399677.389999997,PP,FC_Taux_HY,PP_FAC_Taux_Corp_HY,LU49,7240288,PP_FAC_Taux_Corp_HY,15913415.51,5486261.879999997,HE00,-0.000194580552558224,21395513.428948883,5482097.918948883,QUATREM AG,Hors mandat QUATREM AG,0,5482097.918948883,21395513.428948883,2026-01-28T00:00:00,PP_FAC_Taux,QUATREM HM ACT COTE,15913415.509999998,15913415.51
EXPORT_PRMP_ADP,2026-01-29T00:00:00,Groupe MH,QUATREM,QUA2A,FR0007022967,LBPAM ACTIONS CROISSANCE EURO M,6737.46,2026-01-27T00:00:00,P,3760,1,25332849.6,PP,FC_Act_EUR,PP_FAC_Act_EUR_LC,FR41,5873491,PP_FAC_Act_EUR_LC,10906823.4,14426026.200000001,M7EM,-0.0079417429619271,25131662.619983643,14224839.219983643,QUATREM AG,Hors mandat QUATREM AG,0,14224839.219983643,25131662.619983643,2026-01-28T00:00:00,PP_FAC_Act,QUATREM HM ACT COTE,10906823.4,10906823.4
EXPORT_PRMP_ADP,2026-01-29T00:00:00,Groupe MH,QUATREM,QUA2A,FR0007057674,FEDERIS ISR ACTIONS US MM,4369.49,2026-01-27T00:00:00,P,7301,1,31901646.490000002,PP,FC_Act_US,PP_FAC_Act_US_LC,FR41,5876542,PP_FAC_Act_US_LC,14814235.219999999,17087411.270000003,,0,31901646.490000002,17087411.270000003,QUATREM AG,Hors mandat QUATREM AG,0,17087411.270000003,31901646.490000002,,PP_FAC_Act,QUATREM HM ACT COTE,14814235.219999999,14814235.219999999
EXPORT_PRMP_ADP,2026-01-29T00:00:00,Groupe MH,QUATREM,QUA2A,FR0000986531,SELECTION VALEURS MOYENNES,999.64,2026-01-27T00:00:00,P,41496,1,41481061.44,PP,FC_Act_EUR,PP_FAC_Act_EUR_SMC,FR41,5873302,PP_FAC_Act_EUR_SMC,17504471.439999998,23976590,M7EM,-0.0079417429619271,41151629.51225562,23647158.07225562,QUATREM AG,Hors mandat QUATREM AG,0,23647158.07225562,41151629.51225562,2026-01-28T00:00:00,PP_FAC_Act,QUATREM HM ACT COTE,17504471.439999998,17504471.439999998
EXPORT_PRMP_ADP,2026-01-29T00:00:00,Groupe MH,QUATREM,QUA2A,FR0007074166,LBPAM ACTIONS VALUE EURO,3465.31,2026-01-27T00:00:00,P,12283,1,42564402.73,PP,FC_Act_EUR,PP_FAC_Act_EUR_LC,FR41,5873493,PP_FAC_Act_EUR_LC,17718238.38,24846164.349999998,M7EM,-0.0079417429619271,42226367.18419039,24508128.804190394,QUATREM AG,Hors mandat QUATREM AG,0,24508128.804190394,42226367.18419039,2026-01-28T00:00:00,PP_FAC_Act,QUATREM HM ACT COTE,17718238.38,17718238.38
EXPORT_PRMP_ADP,2026-01-29T00:00:00,Groupe MH,QUATREM,QUA2A,FR0007040365,MH EDRAM HYBRIDES CORPORATE,33805.25,2026-01-27T00:00:00,P,433,1,14637673.25,PP,FC_Taux_HY,PP_FAC_Taux_Corp_HY,XL42,1334621,PP_FAC_Taux_Corp_HY,10075277.819999998,4562395.430000002,HE00,-0.000194580552558224,14634825.043450847,4559547.223450849,QUATREM AG,Hors mandat QUATREM AG,0,4559547.223450849,14634825.043450847,2026-01-28T00:00:00,PP_FAC_Taux,QUATREM HM ACT COTE,10075277.819999998,10075277.819999998
EXPORT_PRMP_ADP,2026-01-29T00:00:00,Groupe MH,QUATREM,QUA2A,FR0011662014,MM STRATIC,23547.98,2025-12-29T00:00:00,P,2268,1,53406818.63999999,PP,FC_Div,PP_FAC_Act_EUR_MULTI,XL44,4622726,PP_FAC_Act_EUR_MULTI,25865008.31,27541810.329999994,,0,53406818.63999999,27541810.329999994,QUATREM AG,Hors mandat QUATREM AG,0,27541810.329999994,53406818.63999999,,PP_FAC_Act,QUATREM HM ACT COTE,25865008.31,25865008.31
EXPORT_PRMP_ADP,2026-01-29T00:00:00,Groupe MH,QUATREM,QUA2A,LU2541301847,EdRF EM Climate Bonds S EUR H,108.39,2026-01-27T00:00:00,P,43944,1,4763090.16,PP,FC_Taux_Emerg,PP_FAC_Taux_Eme,LU42,11008396,PP_FAC_Taux_Eme,4387368.96,375721.2000000002,,0,4763090.16,375721.2000000002,QUATREM AG,Hors mandat QUATREM AG,0,375721.2000000002,4763090.16,,PP_FAC_Taux,QUATREM HM ACT COTE,4387368.96,4387368.96
EXPORT_PRMP_ADP,2026-01-29T00:00:00,Groupe MH,QUATREM,QUA2A,FR0007023700,EQUILIBRE DISCOVERY,629.57,2026-01-27T00:00:00,P,0.53,1,333.67,PP,FC_Div,PP_FAC_DIV_Autres,FR41,8470123,PP_FAC_DIV_Autres,227.27999964000003,106.39000035999999,,0,333.67,106.39000035999999,QUATREM AG,Hors mandat QUATREM AG,0,106.39000035999999,333.67,,PP_FAC_DIV,QUATREM HM ACT COTE,227.27999964000003,227.27999964000003
EXPORT_PRMP_ADP,2026-01-29T00:00:00,Groupe MH,QUATREM,QUA2A,FR001400EBG6,MH Lazard Total Return,1140.52,2026-01-27T00:00:00,P,81307,1,92732259.64,PP,FC_Taux_Autre,PP_FAC_Taux_Autre,FR42,9745480,PP_FAC_Taux_Autre,83393623.56,9338636.079999998,LECPTREU,0.000630639262365374,92790740.24381685,9397116.68381685,QUATREM AG,Hors mandat QUATREM AG,0,9397116.68381685,92790740.24381685,2026-01-27T00:00:00,PP_FAC_Taux,QUATREM HM ACT COTE,83393623.56,83393623.56
EXPORT_PRMP_ADP,2026-01-29T00:00:00,Groupe MH,QUATREM,QUA2A,FR001400CCX3,GEMEQUITY PART MH,147.17,2026-01-27T00:00:00,P,326337,1,48027016.29000001,PP,FC_Act_Emerg,PP_FAC_Act_Eme,XL41,9588501,PP_FAC_Act_Eme,34458500.61,13568515.680000007,MSDEEEMN,0.0189400004574879,48936648.00050439,14478147.39050439,QUATREM AG,Hors mandat QUATREM AG,0,14478147.39050439,48936648.00050439,2026-01-28T00:00:00,PP_FAC_Act,QUATREM HM ACT COTE,34458500.61,34458500.61
EXPORT_PRMP_ADP,2026-01-29T00:00:00,Groupe MH,QUATREM,QUA2A,FR001400N7S5,MH EDRAM DIVERSIFIE,11490.29,2026-01-27T00:00:00,P,5000,1,57451450,PP,FC_Div,,FR44,10907450,PP_FAC_Act_EUR_LC,50000000,7451450,,0,57451450,7451450,QUATREM AG,Hors mandat QUATREM AG,0,7451450,57451450,,PP_FAC_Act,QUATREM HM ACT COTE,50000000,50000000
EXPORT_PRMP_ADP,2026-01-29T00:00:00,Groupe MH,QUATREM,QUA2A,XS2116546941,UBS 02/28 MTN6,1.0195999999999998,2025-12-31T00:00:00,%,3000000,1000,3058800,PP,Obl_Entr_Sub_Stru,PA_Obl_Struct,GB51,9946845,PA_Obl_Struct,3000000,58800,,0,3058800,58800,QUATREM AG,Hors mandat QUATREM AG,0,58800,3058800,,PA_Obl_Struct,QUATREM HM ACT COTE,3000000,3000000
EXPORT_PRMP_ADP,2026-01-29T00:00:00,Groupe MH,QUATREM,QUA2A,LU2066074910,BDLCM Funds BDL Transition E Acc,163.82,2026-01-27T00:00:00,P,60511,1,9912912.02,PP,FC_Act_exEUR,PP_FAC_Taux_Gov,LU41,11008390,PP_FAC_Taux_Gov,8625843.05,1287068.9699999988,,0,9912912.02,1287068.9699999988,QUATREM AG,Hors mandat QUATREM AG,0,1287068.9699999988,9912912.02,,PP_FAC_Taux,QUATREM HM ACT COTE,8625843.05,8625843.05
